char_pos,word_pos,file_line,origin,word_after,word_before,line,mikta,halacha,chapter,masechet_he,amud,daf,system_line
1,1,2,ליידן,"""מאימתי",,01,1,001,001,ברכות,א,ב,00001
131,27,5,ליידן,כר',ודלא,04,1,001,001,ברכות,ב,ב,00004
100,23,19,ליידן,ו1,יוסי,18,1,001,001,ברכות,ג,ב,00018
246,46,43,ליידן,נראין,ושעה,42,1,001,001,ברכות,ד,ב,00042
182,36,68,ליידן,ושללילה,שליום,01,4,001,001,ברכות,א,ג,00067
16,4,93,ליידן,ר',"החמה""",01,2,002,001,ברכות,ב,ג,00092
91,19,116,ליידן,קול,בת,08,2,003,001,ברכות,ג,ג,00115
87,19,143,ליידן,ר',חלבו,26,1,004,001,ברכות,ד,ג,00142
75,16,169,ליידן,יקרא,"""ולא",09,1,005,001,ברכות,א,ד,00168
9,3,184,ליידן,לר',שאיל,07,1,001,002,ברכות,ב,ד,00183
52,12,208,ליידן,וקורא,תפילין,01,2,002,002,ברכות,ג,ד,00207
126,27,236,ליידן,רובא,חייא,28,2,002,002,ברכות,ד,ד,00235
211,41,263,ליידן,בשביעית,אלא,09,2,003,002,ברכות,א,ה,00262
1,1,291,ליידן,מתני',,00.1,1,005,002,ברכות,ב,ה,00290
182,32,317,ליידן,"בגנים""","""לרעות",05,1,007,002,ברכות,ג,ה,00316
135,29,339,ליידן,יחיד,עצמו,01,1,008,002,ברכות,ד,ה,00338
199,43,356,ליידן,אמ',שפה,11,1,001,003,ברכות,א,ו,00355
187,40,383,ליידן,יצחק,רב,38,1,001,003,ברכות,ב,ו,00382
46,9,409,ליידן,מאיר,וכר',01,1,004,003,ברכות,ג,ו,00408
77,18,434,ליידן,שמע,את,04,1,005,003,ברכות,ד,ו,00433
28,7,459,ליידן,קרי,ואפי',01,1,006,003,ברכות,א,ז,00458
12,3,475,ליידן,מיעקב,הערב,14,1,001,004,ברכות,ב,ז,00474
331,64,498,ליידן,וכה,שגמלתו,20,2,001,004,ברכות,ג,ז,00497
81,18,524,ליידן,רבן,את,45,2,001,004,ברכות,ד,ז,00523
74,15,547,ליידן,שלתילים,מראשו,01,1,003,004,ברכות,א,ח,00546
70,14,575,ליידן,ווא,בר,05,1,004,004,ברכות,ב,ח,00574
188,32,600,ליידן,אליך,"""והתפללו",04,1,005,004,ברכות,ג,ח,00599
1,1,624,ליידן,"""אין",,01,1,001,005,ברכות,ד,ח,00623
96,18,643,ליידן,בהיותו,"""קראוהו",07,2,001,005,ברכות,א,ט,00642
49,12,668,ליידן,מן,לו,03,1,002,005,ברכות,ב,ט,00667
88,18,693,ליידן,דא',כמ',08,3,002,005,ברכות,ג,ט,00692
73,15,718,ליידן,אבל,שוין,03,1,004,005,ברכות,ד,ט,00717
67,13,733,ליידן,י,"עליך""",03,1,001,006,ברכות,א,י,00732
35,8,758,ליידן,שחיקתא,מורתא,12,3,001,006,ברכות,ב,י,00757
120,23,782,ליידן,וקפלוטין,ואחונייא,04,2,002,006,ברכות,ג,י,00781
103,23,806,ליידן,ביתו1,בתוך,01,1,006,006,ברכות,ד,י,00805
1,1,831,ליידן,"""שלשה",,01,1,001,007,ברכות,א,יא,00830
33,7,848,ליידן,מה,קרויות,18,1,001,007,ברכות,ב,יא,00847
129,27,875,ליידן,תופסין,אין,02,1,003,007,ברכות,ג,יא,00874
13,4,902,ליידן,שלשה,אחא,04,2,005,007,ברכות,ד,יא,00901
165,33,915,ליידן,על,יברך,09,1,001,008,ברכות,א,יב,00914
93,18,939,ליידן,טמא,אומ''',04,1,003,008,ברכות,ב,יב,00938
72,15,965,ליידן,אלהים,"""וירא",01,3,006,008,ברכות,ג,יב,00964
1,1,987,ליידן,"""הרואה",,01,1,001,009,ברכות,ד,יב,00986
31,7,1001,ליידן,אלהים,"""אל",15,1,001,009,ברכות,א,יג,01000
201,39,1021,ליידן,ליה,דיו,35,1,001,009,ברכות,ב,יג,01020
67,15,1045,ליידן,בשם,זעיר',12,2,001,009,ברכות,ג,יג,01044
87,17,1069,ליידן,תן,לו,02,3,002,009,ברכות,ד,יג,01068
297,59,1096,ליידן,רביעה,כדי,02,5,002,009,ברכות,א,יד,01095
55,14,1126,ליידן,מנביאות,רחל,03,2,003,009,ברכות,ב,יד,01125
1,1,1150,ליידן,אמ',,03,2,005,009,ברכות,ג,יד,01149
32,7,1159,ליידן,נתן,ר',01,8,005,009,ברכות,ד,יד,01158
1,1,1173,ליידן,"""אילו",,01,1,001,001,פאה,א,טו,00001
53,12,1184,ליידן,המת,מן,02.1,3,001,001,פאה,ב,טו,00011
31,6,1207,ליידן,כל,כנגד,13,4,001,001,פאה,ג,טו,00035
34,8,1230,ליידן,ר',תנא,20,6,001,001,פאה,ד,טו,00058
136,30,1250,ליידן,מזלזלין,או',07,9,001,001,פאה,א,טז,00078
181,35,1270,ליידן,אני,להם,28,9,001,001,פאה,ב,טז,00098
70,15,1290,ליידן,קידשה,אמרה,01,2,003,001,פאה,ג,טז,00118
288,60,1314,ליידן,או',הנשיא,06,4,006,001,פאה,ד,טז,00142
46,11,1327,ליידן,הביאה,שלא,04,3,001,002,פאה,א,יז,00155
38,9,1349,ליידן,הקמה,ומן,01,2,007,002,פאה,ב,יז,00177
123,26,1360,ליידן,אדם,בני,04,1,001,003,פאה,ג,יז,00188
254,54,1385,ליידן,מערוגה,ששה2,01,1,006,003,פאה,ד,יז,00213
77,16,1411,ליידן,כתובה,מקולי,01,2,007,003,פאה,א,יח,00239
32,8,1424,ליידן,נן,מה,03,1,003,004,פאה,ב,יח,00252
14,3,1451,ליידן,על,פליגא,07,1,009,004,פאה,ג,יח,00279
1,1,1467,ליידן,הכא,,01,1,001,005,פאה,ד,יח,00295
110,22,1489,ליידן,בשיטת,הכין,07,2,002,005,פאה,א,יט,00317
1,1,1509,ליידן,ר',,01,1,001,006,פאה,ב,יט,00337
64,13,1526,ליידן,הן,הברית,04,1,002,006,פאה,ג,יט,00354
156,31,1552,ליידן,שסביבותיו,עומר,01,1,008,006,פאה,ד,יט,00380
1,1,1565,ליידן,אמ',,01,1,001,007,פאה,א,כ,00393
4,2,1594,ליידן,אמ',ר',10,2,004,007,פאה,ב,כ,00422
243,46,1617,ליידן,מעשר,תרומת,11,1,006,007,פאה,ג,כ,00445
1,1,1636,ליידן,אמ',,01,1,001,008,פאה,ד,כ,00464
140,28,1656,ליידן,את,מסריחין,02,2,005,008,פאה,א,כא,00484
139,27,1678,ליידן,שני,לו,01,3,008,008,פאה,ב,כא,00506
1,1,1704,ליידן,אמ',,01,1,001,001,דמאי,ג,כא,00001
31,7,1719,ליידן,אנן,שאור,03,3,001,001,דמאי,ד,כא,00016
15,4,1745,ליידן,לא,ר',06,2,003,001,דמאי,א,כב,00042
125,26,1767,ליידן,ר',במחלוקת,01,6,003,001,דמאי,ב,כב,00064
70,16,1781,ליידן,אמ',יוחנן,03,1,001,002,דמאי,ג,כב,00078
25,7,1804,ליידן,זכריה,בן,11,2,001,002,דמאי,ד,כב,00101
63,14,1826,ליידן,שישב,חכם,02,2,003,002,דמאי,א,כג,00123
1,1,1844,ליידן,אמ',,01,1,001,003,דמאי,ב,כג,00141
232,51,1858,ליידן,לן,שמע,03,2,002,003,דמאי,ג,כג,00155
99,20,1883,ליידן,שלגוי,טיבלו,09,4,004,003,דמאי,ד,כג,00180
198,41,1892,ליידן,לעשר,נראה,03,2,001,004,דמאי,א,כד,00189
137,28,1917,ליידן,או',לעזר,02,1,005,004,דמאי,ב,כד,00214
1,1,1927,ליידן,כלום,,02,1,001,005,דמאי,ג,כד,00224
29,7,1948,ליידן,ומתיר,מעשר,04,1,003,005,דמאי,ד,כד,00245
109,21,1967,ליידן,לשבט,ונותנן,09,1,009,005,דמאי,א,כה,00264
100,18,1975,ליידן,בקבלה,שדהו,04,1,001,006,דמאי,ב,כה,00272
106,21,2000,ליידן,בבית,המסייעין,11,1,003,006,דמאי,ג,כה,00297
90,20,2022,ליידן,חומרין,קטן,03,1,006,006,דמאי,ד,כה,00319
5,2,2047,ליידן,ר',אמ',04,2,012,006,דמאי,א,כו,00344
102,21,2054,ליידן,לישנא,אזל,06,1,001,007,דמאי,ב,כו,00351
63,13,2078,ליידן,כדי,לאחר,04,1,006,007,דמאי,ג,כו,00375
1,1,2098,ליידן,כת',,01,1,001,001,כלאים,ד,כו,00001
90,20,2106,ליידן,דאמ',מה,01,3,001,001,כלאים,א,כז,00009
78,19,2132,ליידן,בשאינו,מין,02,1,007,001,כלאים,ב,כז,00035
1,1,2152,ליידן,אנן,,01,1,001,002,כלאים,ג,כז,00055
160,35,2159,ליידן,מרבה,את,01,2,001,002,כלאים,ד,כז,00062
62,13,2186,ליידן,כן,בחורבה,02.1,1,006,002,כלאים,א,כח,00088
1,1,2208,ליידן,"""תבואה",,01,2,010,002,כלאים,ב,כח,00111
1,1,2219,ליידן,"""זרעיה""",,01,1,001,003,כלאים,ג,כח,00122
74,15,2238,ליידן,סומכין,פסול,04,2,002,003,כלאים,ד,כח,00141
122,23,2263,ליידן,מן,בשורה,01,2,007,003,כלאים,א,כט,00166
71,15,2270,ליידן,והתנינן,עשרה,05,1,001,004,כלאים,ב,כט,00173
1,1,2294,ליידן,הל',,01,1,005,004,כלאים,ג,כט,00197
1,1,2311,ליידן,אמ',,01,1,001,005,כלאים,ד,כט,00214
99,19,2329,ליידן,ר',מסתברא,01,2,003,005,כלאים,א,ל,00232
1,1,2352,ליידן,וקשיא,,01,1,001,006,כלאים,ב,ל,00255
16,5,2367,ליידן,אחרייתא,הדא,04,1,002,006,כלאים,ג,ל,00270
1,1,2393,ליידן,"""לא",,01,1,001,007,כלאים,ד,ל,00296
30,7,2407,ליידן,בין,שלו,03,1,004,007,כלאים,א,לא,00310
1,1,2426,ליידן,"""כלאי",,01,1,001,008,כלאים,ב,לא,00329
66,14,2446,ליידן,חייב,אינו,19.1,2,001,008,כלאים,ג,לא,00348
33,6,2472,ליידן,כת',"ולמשוך""",01,2,006,008,כלאים,ד,לא,00375
1,1,2482,ליידן,מה,,03,3,001,009,כלאים,א,לב,00385
55,11,2514,ליידן,בארץ,נקובה,05,1,004,009,כלאים,ב,לב,00417
179,38,2537,ליידן,ונכפלו,שנה,26,1,004,009,כלאים,ג,לב,00440
277,51,2553,ליידן,"""וכפר",דכת',42,1,004,009,כלאים,ד,לב,00456
1,1,2574,ליידן,"""עד",,01,1,001,001,שביעית,א,לג,00001
156,32,2584,ליידן,את,מתיש,01,2,001,001,שביעית,ב,לג,00011
18,5,2611,ליידן,שמואל,על,01,2,006,001,שביעית,ג,לג,00038
32,8,2620,ליידן,ואחד,אחד,01,3,001,002,שביעית,ד,לג,00047
50,12,2644,ליידן,לפני,יום,07,2,006,002,שביעית,א,לד,00071
79,16,2671,ליידן,נאכלין,שאין,01,1,010,002,שביעית,ב,לד,00098
1,1,2679,ליידן,"""מאימתי",,01,1,001,003,שביעית,ג,לד,00106
84,16,2705,ליידן,בר,חייה,01,1,006,003,שביעית,ד,לד,00132
1,1,2724,ליידן,"""בראשונה",,01,1,001,004,שביעית,א,לה,00151
215,44,2744,ליידן,מודע,מאן,13,1,002,004,שביעית,ב,לה,00171
73,16,2775,ליידן,אינן,הפגין,04,2,007,004,שביעית,ג,לה,00202
1,1,2794,ליידן,"""בנות",,01,1,001,005,שביעית,ד,לה,00221
52,12,2811,ליידן,נותן,שנים,06,1,003,005,שביעית,א,לו,00238
1,1,2834,ליידן,כת',,01,1,001,006,שביעית,ב,לו,00261
38,8,2847,ליידן,אמ',נקייה,15,1,001,006,שביעית,ג,לו,00274
65,14,2868,ליידן,אני,ליה,35,1,001,006,שביעית,ד,לו,00295
156,30,2891,ליידן,לון,אמ',07,2,003,006,שביעית,א,לז,00318
1,1,2903,ליידן,צבעין,,01,1,001,007,שביעית,ב,לז,00330
47,11,2926,ליידן,בשמן,הפסח,07,1,002,007,שביעית,ג,לז,00353
1,1,2948,ליידן,"""כלל",,01,1,001,008,שביעית,ד,לז,00375
171,36,2957,ליידן,נן,כי,03,2,001,008,שביעית,א,לח,00384
212,44,2983,ליידן,לבייר,הוא,01,1,005,008,שביעית,ב,לח,00410
71,14,3008,ליידן,אסיר,לית,02,2,011,008,שביעית,ג,לח,00435
51,12,3018,ליידן,מילייא,תרתין,04,2,001,009,שביעית,ד,לח,00445
115,26,3042,ליידן,מה,הבית,01,1,004,009,שביעית,א,לט,00469
1,1,3067,ליידן,"""השביעית",,01,1,001,010,שביעית,ב,לט,00494
225,46,3078,ליידן,אמ',עקיבה,02,1,002,010,שביעית,ג,לט,00505
49,10,3101,ליידן,היך,פרוזבול,03,1,004,010,שביעית,ד,לט,00528
1,1,3127,ליידן,"""חמשה",,01,1,001,001,תרומות,א,מ,00001
119,23,3135,ליידן,קידושין,קידושיהן,02,2,001,001,תרומות,ב,מ,00009
25,6,3168,ליידן,ומיניה,מיניה,03,6,001,001,תרומות,ג,מ,00042
19,4,3201,ליידן,דר',פליגא,16,1,003,001,תרומות,ד,מ,00075
37,8,3232,ליידן,מקולי,דברים,08,1,008,001,תרומות,א,מא,00106
1,1,3246,ליידן,"""אין",,01,1,001,002,תרומות,ב,מא,00120
1,1,3275,ליידן,הל',,01,1,002,002,תרומות,ג,מא,00149
91,21,3309,ליידן,ואם,זה,02,1,004,002,תרומות,ד,מא,00183
1,1,3331,ליידן,"""התורם",,01,1,001,003,תרומות,א,מב,00205
83,15,3357,ליידן,שהילכו,מכיון,08,2,004,003,תרומות,ב,מב,00231
1,1,3388,ליידן,"""המפריש",,01,1,001,004,תרומות,ג,מב,00262
122,23,3399,ליידן,הפריש,ואחד,12,1,001,004,תרומות,ד,מב,00273
16,4,3434,ליידן,מוסיף,או',02,1,007,004,תרומות,א,מג,00308
67,12,3462,ליידן,שתי,נמצאו,06,1,012,004,תרומות,ב,מג,00336
81,16,3472,ליידן,כל,שאר,02.1,1,001,005,תרומות,ג,מג,00345
74,17,3505,ליידן,לון,מסלקין,05,1,004,005,תרומות,ד,מג,00379
1,1,3529,ליידן,"""האוכל",,01,1,001,006,תרומות,א,מד,00403
143,30,3549,ליידן,''הפריש,מתני',07,3,001,006,תרומות,ב,מד,00423
1,1,3568,ליידן,"""האוכל",,01,1,001,007,תרומות,ג,מד,00442
102,22,3590,ליידן,ר',חזר,22,1,001,007,תרומות,ד,מד,00464
16,4,3618,ליידן,שלתרומה,אחת,03,3,005,007,תרומות,א,מה,00492
1,1,3627,ליידן,"""האשה",,01,1,001,008,תרומות,ב,מה,00501
42,11,3658,ליידן,אוכל,שפת,09,1,002,008,תרומות,ג,מה,00532
1,1,3686,ליידן,ר',,24,1,004,008,תרומות,ד,מה,00560
13,4,3717,ליידן,שהוא,זמן,02,1,005,008,תרומות,א,מו,00591
4,2,3749,ליידן,הונא,ר',13,2,008,008,תרומות,ב,מו,00623
35,7,3775,ליידן,שמשא,מטמעי,12,1,011,008,תרומות,ג,מו,00649
67,16,3792,ליידן,אותו,ות,04,3,003,009,תרומות,ד,מו,00666
1,1,3815,ליידן,"""בצל",,01,1,001,010,תרומות,א,מז,00689
51,11,3832,ליידן,שלבשר,ואחד,01,1,004,010,תרומות,ב,מז,00706
29,7,3861,ליידן,אתא,אבהתיה,10,1,012,010,תרומות,ג,מז,00735
231,43,3869,ליידן,אסורה,ע'ז,03,2,001,011,תרומות,ד,מז,00743
10,3,3901,ליידן,בשם,ירמיה,03,2,005,011,תרומות,א,מח,00775
9,3,3921,ליידן,ור',יונה,03,1,010,011,תרומות,ב,מח,00795
1,1,3944,ליידן,"""כלל",,01,1,001,001,מעשרות,ג,מח,00001
110,24,3950,ליידן,אם,קיימין,03,2,001,001,מעשרות,ד,מח,00007
6,2,3978,ליידן,הוא,כיצד,02,5,003,001,מעשרות,א,מט,00035
131,28,4003,ליידן,יוסי,ר',01,1,007,001,מעשרות,ב,מט,00060
1,1,4021,ליידן,"""היה",,01,1,001,002,מעשרות,ג,מט,00078
89,18,4036,ליידן,וקטנה,סאה,15,2,001,002,מעשרות,ד,מט,00093
179,39,4062,ליידן,שמו,אלא,04,2,005,002,מעשרות,א,נ,00119
94,20,4091,ליידן,נגמרה,שלא,02,2,008,002,מעשרות,ב,נ,00148
130,23,4099,ליידן,ביתו,לתוך,08,1,001,003,מעשרות,ג,נ,00156
1,1,4125,ליידן,ר',,02,3,004,003,מעשרות,ד,נ,00182
57,13,4150,ליידן,אוכלין,כגינה,01,2,009,003,מעשרות,א,נא,00207
142,27,4164,ליידן,אמ',לקיש,03,1,001,004,מעשרות,ב,נא,00221
125,26,4194,ליידן,אמ',לא,01,1,006,004,מעשרות,ג,נא,00251
24,6,4205,ליידן,לזרע,בין,01,1,002,005,מעשרות,ד,נא,00262
104,23,4228,ליידן,שהחמיץ,והוא,01,1,006,005,מעשרות,א,נב,00285
1,1,4254,ליידן,"""מעשר",,01,1,001,001,מעשר שני,ב,נב,00001
55,10,4264,ליידן,אל,למשכנו,11,1,001,001,מעשר שני,ג,נב,00011
84,18,4291,ליידן,אמרין,הוינן,02,4,002,001,מעשר שני,ד,נב,00038
83,17,4315,ליידן,"""בבקר",כלל,03,1,007,001,מעשר שני,א,נג,00062
1,1,4324,ליידן,"""מעשר",,01,1,001,002,מעשר שני,ב,נג,00071
72,13,4350,ליידן,לשיני'',השבח,02,6,001,002,מעשר שני,ג,נג,00097
9,3,4377,ליידן,אילו,י',01,1,009,002,מעשר שני,ד,נג,00124
1,1,4381,ליידן,"""לא",,01,1,001,003,מעשר שני,א,נד,00128
85,20,4409,ליידן,מנא,ר',02,1,006,003,מעשר שני,ב,נד,00156
1,1,4435,ליידן,הל',,01,1,010,003,מעשר שני,ג,נד,00182
1,1,4445,ליידן,"""המוליך",,01,1,001,004,מעשר שני,ד,נד,00192
68,14,4471,ליידן,בין,מה,05,2,003,004,מעשר שני,א,נה,00218
259,55,4495,ליידן,בכולן,או',04,1,007,004,מעשר שני,ב,נה,00242
46,11,4524,ליידן,ליה,אמ',15,1,012,004,מעשר שני,ג,נה,00271
1,1,4534,ליידן,"""כרם",,01,1,001,005,מעשר שני,ד,נה,00281
220,42,4550,ליידן,ברם,לרמאין,02,4,001,005,מעשר שני,א,נו,00297
169,30,4577,ליידן,לבעלין,רביעית,16,1,003,005,מעשר שני,ב,נו,00324
34,8,4603,ליידן,דעקיבה,מרצעה,19,1,006,005,מעשר שני,ג,נו,00350
133,28,4626,ליידן,שמעון,ור',02,1,013,005,מעשר שני,ד,נו,00373
1,1,4647,ליידן,"""חמשה",,01,1,001,001,חלה,א,נז,00001
205,45,4653,ליידן,החיטין,עם,07,1,001,001,חלה,ב,נז,00007
125,22,4678,ליידן,ר',ואמ',05,3,001,001,חלה,ג,נז,00032
128,28,4702,ליידן,פטור,בשבלין,01,3,003,001,חלה,ד,נז,00056
99,19,4725,ליידן,תאמ',שלא,01,2,005,001,חלה,א,נח,00079
1,1,4746,ליידן,"""פירות",,01,1,001,002,חלה,ב,נח,00100
106,22,4758,ליידן,ומכבש,יש',03,1,002,002,חלה,ג,נח,00112
118,25,4784,ליידן,ופליג,תלתא,01,1,006,002,חלה,ד,נח,00138
1,1,4796,ליידן,"""אוכלין",,01,1,001,003,חלה,א,נט,00150
1,1,4819,ליידן,תני,,02,1,005,003,חלה,ב,נט,00173
150,31,4842,ליידן,ואם,והתנינן,05,2,008,003,חלה,ג,נט,00196
1,1,4855,ליידן,"""שתי",,01,1,001,004,חלה,ד,נט,00209
79,14,4872,ליידן,קולו,עקיבה,01,1,005,004,חלה,א,ס,00226
222,46,4895,ליידן,דתני,כהדא,03,5,008,004,חלה,ב,ס,00249
1,1,4924,ליידן,"""הנוטע",,01,1,001,001,ערלה,ג,ס,00001
53,11,4934,ליידן,אית,הדס,11,1,001,001,ערלה,ד,ס,00011
91,16,4957,ליידן,אין,לארץ,01,3,002,001,ערלה,א,סא,00034
37,10,4981,ליידן,חנינה,ר',02,2,005,001,ערלה,ב,סא,00058
6,2,5006,ליידן,שרף,למה,01,4,007,001,ערלה,ג,סא,00083
1,1,5013,ליידן,"""התרומה",,01,1,001,002,ערלה,ד,סא,00090
164,33,5034,ליידן,תרומת,כגון,01,4,001,002,ערלה,א,סב,00111
163,34,5061,ליידן,נתחמצה,כבר,04,1,008,002,ערלה,ב,סב,00138
60,12,5085,ליידן,בשם,ירמיה,09,1,011,002,ערלה,ג,סב,00162
1,1,5102,ליידן,"""בגד",,01,1,001,003,ערלה,ד,סב,00179
49,9,5126,ליידן,מין,חולין,25,1,001,003,ערלה,א,סג,00203
179,39,5148,ליידן,בכל,ודאי,02,1,007,003,ערלה,ב,סג,00225
1,1,5177,ליידן,"""יש",,01,1,001,001,בכורים,ג,סג,00001
113,24,5181,ליידן,בכורי,"""ראשית",04,1,001,001,בכורים,ד,סג,00005
1,1,5203,ליידן,הלכ'2,,01,1,004,001,בכורים,א,סד,00027
85,19,5225,ליידן,ר',תנחומא,06,2,005,001,בכורים,ב,סד,00049
1,1,5245,ליידן,"""התרומה",,01,1,001,002,בכורים,ג,סד,00069
135,23,5251,ליידן,שנה,שמונים,07,1,001,002,בכורים,ד,סד,00075
116,20,5274,ליידן,ואף,לזרים,01,5,002,002,בכורים,א,סה,00098
90,17,5299,ליידן,מעוברת,שנה,04,1,006,002,בכורים,ב,סה,00123
1,1,5311,ליידן,"""כיצד",,01,1,001,003,בכורים,ג,סה,00135
65,14,5337,ליידן,והלא,שמה,16,6,003,003,בכורים,ד,סה,00161
1,1,5365,ליידן,"""יציאות",,01,1,001,001,שבת,ב,ב,00001
1,1,5379,ליידן,ר',,13,1,001,001,שבת,ג,ב,00015
44,10,5400,ליידן,עשרה,גבוה,02,2,001,001,שבת,ד,ב,00036
85,16,5426,ליידן,ארבעה,ורחבה,17,3,001,001,שבת,א,ג,00062
18,5,5449,ליידן,כדעתיה,יוחי,05,6,002,001,שבת,ב,ג,00085
177,37,5466,ליידן,שלא,לומ',01,5,003,001,שבת,ג,ג,00102
13,3,5488,ליידן,ר',אמ',13,1,004,001,שבת,ד,ג,00124
247,48,5508,ליידן,מתרפא,והיא,03,1,005,001,שבת,א,ד,00144
203,39,5531,ליידן,"פעמים""",שבע,07,1,007,001,שבת,ב,ד,00167
1,1,5548,ליידן,"""במה",,01,1,001,002,שבת,ג,ד,00184
42,9,5566,ליידן,שלכהן,כליו,09.1,3,001,002,שבת,ד,ד,00201
130,25,5588,ליידן,בשם,לעזר,08,1,003,002,שבת,א,ה,00224
158,30,5607,ליידן,והרי,שחיטה,14,1,005,002,שבת,ב,ה,00243
97,20,5630,ליידן,כליו,נפלו,01.1,3,007,002,שבת,ג,ה,00265
178,36,5641,ליידן,כל,קטם,07,1,001,003,שבת,ד,ה,00277
7,2,5661,ליידן,דר',אתייא,04,1,003,003,שבת,א,ו,00297
1,1,5681,ליידן,מתני',,01,1,005,003,שבת,ב,ו,00317
26,6,5704,ליידן,כל,דמר,06,2,006,003,שבת,ג,ו,00340
1,1,5724,ליידן,"""במה",,01,1,001,004,שבת,ד,ו,00360
16,4,5743,ליידן,נחיל,הושעיה,03,2,002,004,שבת,א,ז,00379
1,1,5758,ליידן,"""במה",,01,1,001,005,שבת,ב,ז,00394
24,5,5779,ליידן,לקישושות,סולם,02.1,1,004,005,שבת,ג,ז,00414
1,1,5790,ליידן,"""במה",,01,1,001,006,שבת,ד,ז,00426
119,25,5808,ליידן,לא,שאמרו,01,4,001,006,שבת,א,ח,00444
135,27,5829,ליידן,פגומה,שלימין,02.1,3,002,006,שבת,ב,ח,00464
26,6,5854,ליידן,דאודניה,עודדיה,03,1,005,006,שבת,ג,ח,00490
181,39,5880,ליידן,ואמ',כלום,09,1,010,006,שבת,ד,ח,00516
147,29,5890,ליידן,ומעשרות,בהמה,01.1,1,001,007,שבת,א,ט,00525
13,4,5911,ליידן,בשם,זעירא,14,1,001,007,שבת,ב,ט,00547
23,6,5931,ליידן,לקיש,בן,04,1,002,007,שבת,ג,ט,00567
156,32,5952,ליידן,בערירי,לידון,09,2,002,007,שבת,ד,ט,00588
104,19,5974,ליידן,המפעפע,המרבץ,05,3,002,007,שבת,א,י,00610
157,34,5999,ליידן,ודלא,הכין,08.1,5,002,007,שבת,ב,י,00634
144,27,6025,ליידן,חייב,התולש,03,8,002,007,שבת,ג,י,00661
13,4,6053,ליידן,גדולה,אחת,01,18,002,007,שבת,ד,י,00689
1,1,6070,ליידן,"""המוציא",,01,1,001,008,שבת,א,יא,00706
202,39,6088,ליידן,אבל,טומאתו,18,1,001,008,שבת,ב,יא,00724
127,26,6121,ליידן,דקיסרין,רבנן,01,2,006,008,שבת,ג,יא,00757
1,1,6134,ליידן,כתוב,,01,1,001,009,שבת,ד,יא,00770
134,22,6157,ליידן,''זרעיה'',אמ',02,2,002,009,שבת,א,יב,00793
143,31,6180,ליידן,דבר,זה,03,1,004,009,שבת,ב,יב,00816
5,2,6195,ליידן,חזקיה,ב',01,1,002,010,שבת,ג,יב,00831
148,31,6219,ליידן,הכין,אמ',03,1,006,010,שבת,ד,יב,00855
175,36,6231,ליידן,על,אלא,06,1,001,011,שבת,א,יג,00867
78,16,6254,ליידן,או',יהודה,04,1,005,011,שבת,ב,יג,00890
1,1,6266,ליידן,"""הבונה",,01,1,001,012,שבת,ג,יג,00902
1,1,6291,ליידן,תני,,07,1,003,012,שבת,ד,יג,00927
1,1,6311,ליידן,"""ר'",,01,1,001,013,שבת,א,יד,00947
72,14,6332,ליידן,אחד,היה,01,1,006,013,שבת,ב,יד,00968
92,18,6346,ליידן,שלמקום,שרחמים,10,1,001,014,שבת,ג,יד,00982
62,13,6371,ליידן,אמרה,מתנית',02,1,004,014,שבת,ד,יד,01007
155,32,6396,ליידן,הוה,ומה,26,1,004,014,שבת,א,טו,01032
62,13,6414,ליידן,לגדרו,וחשב,04,1,003,015,שבת,ב,טו,01050
34,7,6422,ליידן,אין,אמ',03,1,001,016,שבת,ג,טו,01058
8,2,6449,ליידן,דר',מתנית',02,1,002,016,שבת,ד,טו,01085
1,1,6474,ליידן,"""כל",,01,1,001,017,שבת,א,טז,01110
66,14,6489,ליידן,נחמיה,דר',01,1,002,017,שבת,ב,טז,01125
1,1,6507,ליידן,"""מפנין",,01,1,001,018,שבת,ג,טז,01143
1,1,6530,ליידן,"""ר'",,01,1,001,019,שבת,ד,טז,01166
1,1,6543,ליידן,ר',,14,1,001,019,שבת,א,יז,01179
17,3,6570,ליידן,אין,ואנדרוגינס,01,2,003,019,שבת,ב,יז,01206
1,1,6590,ליידן,"""ר'",,01,1,001,020,שבת,ג,יז,01226
253,48,6609,ליידן,שפיה,בהמה,02,1,004,020,שבת,ד,יז,01245
1,1,6615,ליידן,"""מבוי",,01,1,001,001,עירובין,ב,יח,00001
51,13,6633,ליידן,פתח,על,03,2,001,001,עירובין,ג,יח,00019
46,10,6656,ליידן,ר',אמ',21,3,001,001,עירובין,ד,יח,00042
121,25,6679,ליידן,אמ',בלבד,02,1,002,001,עירובין,א,יט,00065
127,25,6701,ליידן,הארץ,מן,01,1,006,001,עירובין,ב,יט,00087
104,21,6725,ליידן,אם,מותר,05,1,008,001,עירובין,ג,יט,00111
107,22,6749,ליידן,יבישין,עצים,03,3,010,001,עירובין,ד,יט,00135
30,6,6759,ליידן,בגלגל,הגולה,05,1,001,002,עירובין,א,כ,00145
91,18,6787,ליידן,''וכן,תמן,01,1,004,002,עירובין,ב,כ,00173
1,1,6805,ליידן,"""בכל",,01,1,001,003,עירובין,ג,כ,00191
271,57,6810,ליידן,הארץ,וולדות,06,1,001,003,עירובין,ד,כ,00196
45,8,6837,ליידן,הרי,כול',01,1,003,003,עירובין,א,כא,00223
20,5,6861,ליידן,"עירובו""",על,01,1,005,003,עירובין,ב,כא,00247
65,12,6887,ליידן,בראשון,ברגליו,06,1,007,003,עירובין,ג,כא,00273
1,1,6899,ליידן,"""מי",,01,1,001,004,עירובין,ד,כא,00285
1,1,6922,ליידן,פיס',,01,1,004,004,עירובין,א,כב,00308
1,1,6936,ליידן,"""כיצד",,01,1,001,005,עירובין,ב,כב,00322
111,25,6950,ליידן,העיקר,על,15,1,001,005,עירובין,ג,כב,00336
248,50,6974,ליידן,יותר,מופלג,02,1,003,005,עירובין,ד,כב,00360
167,34,7000,ליידן,עיר,''אנשי,05,1,008,005,עירובין,א,כג,00386
1,1,7014,ליידן,"""הדר",,01,1,001,006,עירובין,ב,כג,00400
19,5,7027,ליידן,נותן,עירב,02,1,003,006,עירובין,ג,כג,00413
72,16,7051,ליידן,לערב,צריך,04,1,006,006,עירובין,ד,כג,00437
198,40,7073,ליידן,רשות,לבטל,11,1,008,006,עירובין,א,כד,00459
1,1,7089,ליידן,"""חלון",,01,1,001,007,עירובין,ב,כד,00475
66,15,7107,ליידן,שנים,מערבין,07,1,002,007,עירובין,ג,כד,00493
42,8,7131,ליידן,עירובה,ושלחת,02,1,009,007,עירובין,ד,כד,00517
1,1,7139,ליידן,"""כיצד",,01,1,001,008,עירובין,א,כה,00525
24,6,7164,ליידן,או',עקביה,02,1,008,008,עירובין,ב,כה,00550
1,1,7177,ליידן,"""כל",,01,1,001,009,עירובין,ג,כה,00563
162,33,7198,ליידן,מותרת,אינה,02,1,003,009,עירובין,ד,כה,00584
1,1,7211,ליידן,"""המוצא",,01,1,001,010,עירובין,א,כו,00597
151,27,7225,ליידן,טפח',לעשרה,01,1,003,010,עירובין,ב,כו,00611
247,45,7250,ליידן,עבד,כגמום,04,1,009,010,עירובין,ג,כו,00636
1,1,7268,ליידן,פיס',,01,1,014,010,עירובין,ד,כו,00654
1,1,7287,ליידן,"""אור",,01,1,001,001,פסחים,א,כז,00001
148,30,7293,ליידן,דרבנין,מיליהון,07,1,001,001,פסחים,ב,כז,00007
17,4,7314,ליידן,פשיטא,שורה,03,2,001,001,פסחים,ג,כז,00028
134,31,7333,ליידן,בשעת,דין,08,1,004,001,פסחים,ד,כז,00047
135,27,7356,ליידן,ומדברי,אליעזר,01,1,007,001,פסחים,א,כח,00070
60,12,7376,ליידן,טמיאה,דתני,21,1,007,001,פסחים,ב,כח,00090
1,1,7388,ליידן,"""כל",,01,1,001,002,פסחים,ג,כח,00102
161,36,7411,ליידן,ואת,אמו,05,2,001,002,פסחים,ד,כח,00125
165,36,7437,ליידן,בלבד,אחד,16,1,002,002,פסחים,א,כט,00151
187,35,7460,ליידן,עליה,להשלים,11,1,004,002,פסחים,ב,כט,00174
80,15,7487,ליידן,מצויירין,סריקין,24,1,005,002,פסחים,ג,כט,00201
1,1,7507,ליידן,"""ואילו",,01,1,001,003,פסחים,ד,כט,00221
53,12,7520,ליידן,קופייא,מיתן,10,2,001,003,פסחים,א,ל,00234
91,18,7545,ליידן,כאן,אידי,13,1,003,003,פסחים,ב,ל,00259
1,1,7567,ליידן,"""מקום",,01,1,001,004,פסחים,ג,ל,00281
58,11,7576,ליידן,באפוקי,עובדא,10,1,001,004,פסחים,ד,ל,00290
175,37,7599,ליידן,לכהן,הדמים,04,3,003,004,פסחים,א,לא,00313
142,28,7623,ליידן,אפי',"עשר""",01,1,006,004,פסחים,ב,לא,00337
22,6,7648,ליידן,לגביה,אתון,04,3,008,004,פסחים,ג,לא,00362
87,17,7653,ליידן,כי,לנו,03,1,001,005,פסחים,ד,לא,00367
25,6,7677,ליידן,לשמו,שלא,08,1,002,005,פסחים,א,לב,00391
41,10,7699,ליידן,ושלא,לשמו,07,1,003,005,פסחים,ב,לב,00413
75,16,7725,ליידן,לשוחט,אמ',17,1,004,005,פסחים,ג,לב,00439
56,13,7747,ליידן,הוא,התמצית,03,1,008,005,פסחים,ד,לב,00461
1,1,7754,ליידן,"""אילו",,01,1,001,006,פסחים,א,לג,00468
45,10,7780,ליידן,ישמעאל,ר',02,2,001,006,פסחים,ב,לג,00494
1,1,7803,ליידן,אמ',,04,2,002,006,פסחים,ג,לג,00517
54,12,7826,ליידן,שלשבת,את,09,2,005,006,פסחים,ד,לג,00540
1,1,7844,ליידן,"""כיצד",,01,1,001,007,פסחים,א,לד,00558
163,32,7860,ליידן,שתקרום,עד,02,1,002,007,פסחים,ב,לד,00574
61,13,7888,ליידן,שלה,עובד,11,1,005,007,פסחים,ג,לד,00602
247,51,7914,ליידן,בגלוי,שהוא,02,1,007,007,פסחים,ד,לד,00628
150,32,7936,ליידן,אמר1,דלא,01,1,008,007,פסחים,א,לה,00650
24,6,7983,ליידן,התנור,בצד,06,1,013,007,פסחים,ג,לה,00697
29,7,7993,ליידן,דאמ',יכול,04,1,001,008,פסחים,ד,לה,00707
1,1,8018,ליידן,ר',,02,1,003,008,פסחים,א,לו,00732
37,9,8041,ליידן,ועד,מיתה,01.1,1,008,008,פסחים,ב,לו,00754
1,1,8060,ליידן,"""מי",,01,1,001,009,פסחים,ג,לו,00774
154,32,8067,ליידן,לו,והודו,08,1,001,009,פסחים,ד,לו,00781
56,11,8090,ליידן,מאן,אסקופה,04,1,005,009,פסחים,א,לז,00804
1,1,8115,ליידן,"""ערב",,01,1,001,010,פסחים,ב,לז,00829
34,7,8126,ליידן,ר',בשם,12,1,001,010,פסחים,ג,לז,00840
80,17,8151,ליידן,אינו,יוחנן,01,1,003,010,פסחים,ד,לז,00865
1,1,8181,ליידן,"""שבעת",,01,1,001,001,יומא,א,לח,00001
38,7,8192,ליידן,לקיחה,ונאמ',12,1,001,001,יומא,ב,לח,00012
18,5,8215,ליידן,המילואים,ימי,34,1,001,001,יומא,ג,לח,00035
1,1,8240,ליידן,עבודתו,,03,3,001,001,יומא,ד,לח,00060
157,34,8263,ליידן,זעורה,ר',01,2,002,001,יומא,א,לט,00083
101,21,8286,ליידן,נותן,אינו,09,2,005,001,יומא,ב,לט,00106
109,21,8299,ליידן,כמאן,אתיא,05,1,001,002,יומא,ג,לט,00119
9,3,8322,ליידן,מה,ב',01,2,001,002,יומא,ד,לט,00142
36,7,8349,ליידן,וזה,לאישים,03,2,003,002,יומא,א,מ,00169
1,1,8369,ליידן,"""אמ'",,01,1,001,003,יומא,ב,מ,00189
105,23,8388,ליידן,מועיל1,מועיל,07,1,003,003,יומא,ג,מ,00208
83,17,8414,ליידן,התשמיש,בשעת,13,1,006,003,יומא,ד,מ,00234
127,28,8443,ליידן,דרגיל,ומאן,12,2,008,003,יומא,א,מא,00263
79,15,8470,ליידן,במקדש'',שהיו,01,3,011,003,יומא,ב,מא,00290
69,13,8481,ליידן,ונתערבו,בהן,09,1,001,004,יומא,ג,מא,00301
1,1,8511,ליידן,בכל,,03,3,004,004,יומא,ד,מא,00331
84,17,8539,ליידן,גבי,על,06,1,006,004,יומא,א,מב,00359
1,1,8546,ליידן,"""הוציאו",,01,1,001,005,יומא,ב,מב,00366
67,14,8568,ליידן,במחתה,וקולטה,02,5,001,005,יומא,ג,מב,00388
232,48,8592,ליידן,"""אשר",ת'ל,12,1,003,005,יומא,ד,מב,00412
6,2,8621,ליידן,כל,"""ואת",04,1,006,005,יומא,א,מג,00441
1,1,8645,ליידן,ר',,08,1,007,005,יומא,ב,מג,00465
112,22,8653,ליידן,עומדין,להיות,07,1,001,006,יומא,ג,מג,00473
56,11,8682,ליידן,האחרונה,ובשנה,14,1,003,006,יומא,ד,מג,00502
179,32,8708,ליידן,תימר,ואפילו,11,1,007,006,יומא,א,מד,00528
12,3,8723,ליידן,''מדלגין,תנינן,06,1,001,007,יומא,ב,מד,00543
158,32,8749,ליידן,לו,היתה,12,1,005,007,יומא,ג,מד,00569
1,1,8759,ליידן,"""יום",,01,1,001,008,יומא,ד,מד,00579
104,23,8792,ליידן,אבטיח,שלבן,02,2,002,008,יומא,א,מה,00612
77,15,8820,ליידן,וחולה,הוא,03,1,005,008,יומא,ב,מה,00640
50,12,8852,ליידן,עד,ממקומו,08,1,009,008,יומא,ג,מה,00672
1,1,8870,ליידן,"""באחד",,01,1,001,001,שקלים,ד,מה,00001
122,22,8890,ליידן,ל,"""העשיר",18,2,001,001,שקלים,א,מו,00021
18,5,8923,ליידן,"הפקודים""",על,04,1,004,001,שקלים,ב,מו,00054
1,1,8948,ליידן,"""מצרפין",,01,1,001,002,שקלים,ג,מו,00079
26,6,8971,ליידן,אילו,באו',05,1,003,002,שקלים,ד,מו,00102
14,4,9005,ליידן,דהכא,אהן,03,5,005,002,שקלים,א,מז,00136
1,1,9025,ליידן,"""בשלשה",,01,1,001,003,שקלים,ב,מז,00156
1,1,9054,ליידן,תאני,,11,1,002,003,שקלים,ג,מז,00185
1,1,9080,ליידן,"""התרומה",,01,1,001,004,שקלים,ד,מז,00211
29,6,9089,ליידן,מה,או',04,2,001,004,שקלים,א,מח,00220
18,3,9123,ליידן,בחולין,פיטמה,05,1,005,004,שקלים,ב,מח,00254
169,35,9152,ליידן,בשם,שמואל,02,1,008,004,שקלים,ג,מח,00283
1,1,9164,ליידן,ר',,07,1,001,005,שקלים,ד,מח,00295
80,16,9191,ליידן,ממעשה,אומ',05,10,001,005,שקלים,א,מט,00322
55,12,9217,ליידן,צריך,דלא,02,1,006,005,שקלים,ב,מט,00348
1,1,9231,ליידן,"""שלשה",,01,1,001,006,שקלים,ג,מט,00362
1,1,9256,ליידן,אין,,18.1,1,002,006,שקלים,ד,מט,00386
99,21,9280,ליידן,היו,שערים,01,1,003,006,שקלים,א,נ,00411
130,27,9308,ליידן,ועליהם,השולחנות,06,1,004,006,שקלים,ב,נ,00439
1,1,9329,ליידן,"""מעות",,01,1,001,007,שקלים,ג,נ,00460
162,35,9353,ליידן,כן,אפי',16,2,003,007,שקלים,ד,נ,00484
1,1,9378,ליידן,"""כל",,01,1,001,008,שקלים,א,נא,00509
10,3,9390,ליידן,היה,שאול,01,2,002,008,שקלים,ב,נא,00521
1,1,9414,ליידן,"""סוכה",,01,1,001,001,סוכה,ג,נא,00001
57,10,9420,ליידן,והשלישית,כהילכתן,07,1,001,001,סוכה,ד,נא,00007
48,11,9447,ליידן,ינאי,ר',34,1,001,001,סוכה,א,נב,00034
253,50,9471,ליידן,הפרוץ,על,62,1,001,001,סוכה,ב,נב,00058
83,18,9500,ליידן,מה,מן,03,1,006,001,סוכה,ג,נב,00087
1,1,9522,ליידן,"""הישן",,01,1,001,002,סוכה,ד,נב,00109
114,23,9536,ליידן,ולבטל,להפכה,04,2,003,002,סוכה,א,נג,00123
46,10,9567,ליידן,לאילו,אילו,06,1,007,002,סוכה,ב,נג,00154
1,1,9579,ליידן,"""לולב",,01,1,001,003,סוכה,ג,נג,00166
68,16,9607,ליידן,אמ',ישמעאל,02,2,004,003,סוכה,ד,נג,00194
1,1,9641,ליידן,מיליהון,,03,2,010,003,סוכה,א,נד,00228
1,1,9664,ליידן,"""לולב",,01,1,001,004,סוכה,ב,נד,00251
144,30,9677,ליידן,טעונה,טעמא,02,2,005,004,סוכה,ג,נד,00264
99,20,9711,ליידן,שכר,נסך,01,2,009,004,סוכה,ד,נד,00298
1,1,9730,ליידן,"""החליל",,01,1,001,005,סוכה,א,נה,00317
140,28,9744,ליידן,כפליים,בה,07,2,001,005,סוכה,ב,נה,00331
153,32,9769,ליידן,תהילות,"""יושב",03,1,004,005,סוכה,ג,נה,00356
116,22,9792,ליידן,מוצהב,נחושת,13,1,005,005,סוכה,ד,נה,00379
1,1,9815,ליידן,"""ארבעה",,01,1,001,001,ראש השנה,א,נו,00001
232,44,9822,ליידן,ארבע,שבשנת,08,1,001,001,ראש השנה,ב,נו,00008
1,1,9853,ליידן,בעון,,39,1,001,001,ראש השנה,ג,נו,00039
113,25,9885,ליידן,הרי,ואמ',71,1,001,001,ראש השנה,ד,נו,00071
30,5,9916,ליידן,ראש,בשבט,03,6,001,001,ראש השנה,א,נז,00102
1,1,9946,ליידן,אמ',,20,1,002,001,ראש השנה,ב,נז,00132
33,7,9981,ליידן,"בקובייא""",המשחק,01,1,008,001,ראש השנה,ג,נז,00167
1,1,10004,ליידן,"""אם",,01,1,001,002,ראש השנה,ד,נז,00190
40,9,10019,ליידן,וש,במתנה,04,2,001,002,ראש השנה,א,נח,00205
51,11,10055,ליידן,בעיבורה,אמ',06,1,007,002,ראש השנה,ב,נח,00241
1,1,10086,ליידן,"""ראוהו",,01,1,001,003,ראש השנה,ג,נח,00272
76,17,10101,ליידן,עורפין,היו,01,2,001,003,ראש השנה,ד,נח,00287
25,7,10134,ליידן,"""ויאמר",הדא,14,1,005,003,ראש השנה,א,נט,00320
1,1,10153,ליידן,"""יום",,01,1,001,004,ראש השנה,ב,נט,00339
86,16,10172,ליידן,השנה,ובראש,03,1,004,004,ראש השנה,ג,נט,00358
64,12,10209,ליידן,"אחת""",אלא,01,2,009,004,ראש השנה,ד,נט,00395
1,1,10222,ליידן,"""ביצה",,01,1,001,001,יום טוב,א,ס,00001
120,25,10245,ליידן,אסורין,אינן,23,1,001,001,יום טוב,ב,ס,00024
219,43,10266,ליידן,מהו,מותר,03,2,002,001,יום טוב,ג,ס,00045
67,15,10289,ליידן,דאת,הדא,08,4,005,001,יום טוב,ד,ס,00068
122,24,10317,ליידן,תרנוגלין,כל,02,1,009,001,יום טוב,א,סא,00096
76,15,10330,ליידן,שיהו,היה,04,1,001,002,יום טוב,ב,סא,00109
46,11,10357,ליידן,ברגל,חג,04.2,1,004,002,יום טוב,ג,סא,00134
1,1,10384,ליידן,ר',,03,1,008,002,יום טוב,ד,סא,00163
38,9,10401,ליידן,מחוסר,שהוא,05,1,001,003,יום טוב,א,סב,00180
81,17,10430,ליידן,ולזה,לזה,07,1,006,003,יום טוב,ב,סב,00209
64,13,10445,ליידן,אמ',עובדא,05,1,001,004,יום טוב,ג,סב,00224
45,10,10477,ליידן,לתנור,מכירה,03,1,005,004,יום טוב,ד,סב,00256
24,6,10494,ליידן,כנהרות,אותו,11,1,001,005,יום טוב,א,סג,00273
98,20,10519,ליידן,וחורנה,מקדישין,01,8,002,005,יום טוב,ב,סג,00298
1,1,10548,ליידן,"""מאימתי",,01,1,001,001,תעניות,ג,סג,00001
190,43,10557,ליידן,סברין,אדרעיא,10,1,001,001,תעניות,ד,סג,00010
181,34,10581,ליידן,את,אלהים,07,3,001,001,תעניות,א,סד,00034
51,12,10607,ליידן,יוחנן,ר',05,1,003,001,תעניות,ב,סד,00060
109,20,10630,ליידן,דעתי,מסעה,11,1,004,001,תעניות,ג,סד,00083
111,25,10656,ליידן,הוון,בחלום,02,5,006,001,תעניות,ד,סד,00109
1,1,10670,ליידן,"""סדר",,01,1,001,002,תעניות,א,סה,00123
53,11,10687,ליידן,צדיק,ויאמרו,09,3,001,002,תעניות,ב,סה,00140
98,19,10712,ליידן,ואת,ריקן'',01,1,002,002,תעניות,ג,סה,00165
13,4,10736,ליידן,יצחק,ולא,01,1,004,002,תעניות,ד,סה,00189
150,31,10762,ליידן,כמה,בהספד,04,2,007,002,תעניות,א,סו,00215
155,36,10787,ליידן,אמ',לא,03,1,010,002,תעניות,ב,סו,00240
98,20,10792,ליידן,אייתוניה,שמיטתא,03,1,001,003,תעניות,ג,סו,00245
10,3,10819,ליידן,עבד,ליעזר,09,1,004,003,תעניות,ד,סו,00272
95,20,10848,ליידן,צאו,אלא,02,7,008,003,תעניות,א,סז,00301
1,1,10873,ליידן,"""בשלשה",,01,1,001,004,תעניות,ב,סז,00326
59,12,10881,ליידן,במוסף,בשחרית,09,1,001,004,תעניות,ג,סז,00334
86,18,10906,ליידן,דסלקון,ועוד,34,1,001,004,תעניות,ד,סז,00359
24,7,10930,ליידן,רבה,חונה,09,1,002,004,תעניות,א,סח,00383
1,1,10953,ליידן,הל',,01,1,003,004,תעניות,ב,סח,00406
236,51,10980,ליידן,י'י,"""ויאמר",02,1,006,004,תעניות,ג,סח,00433
13,3,11007,ליידן,"בהיכל""",צלם,02,4,006,004,תעניות,ד,סח,00460
84,18,11036,ליידן,יבש,זרועו,14,6,006,004,תעניות,א,סט,00489
147,29,11061,ליידן,וכבשים,ואילים,39,6,006,004,תעניות,ב,סט,00514
128,25,11086,ליידן,נכנסו,בשביעי,07,1,007,004,תעניות,ג,סט,00539
1,1,11108,ליידן,"""מגילה",,01,1,001,001,מגילה,ד,סט,00001
66,14,11112,ליידן,דאמ',יכיל,05,1,001,001,מגילה,א,ע,00005
71,16,11137,ליידן,לבא,אבל,19,2,001,001,מגילה,ב,ע,00030
127,25,11166,ליידן,לשנותן,רשאי,04,2,003,001,מגילה,ג,ע,00059
140,24,11192,ליידן,סופרים,דברי,13,6,003,001,מגילה,ד,ע,00085
203,38,11215,ליידן,אין,היא,13,1,004,001,מגילה,א,עא,00108
129,27,11242,ליידן,מאכל,הניית,01,1,006,001,מגילה,ב,עא,00135
42,10,11272,ליידן,שהוא,כתב,10,1,008,001,מגילה,ג,עא,00165
127,28,11302,ליידן,מה,כולה,28,2,008,001,מגילה,ד,עא,00195
128,25,11329,ליידן,מלכים,מלך,55,2,008,001,מגילה,א,עב,00222
82,18,11359,ליידן,לאהרן,אשר,13,2,009,001,מגילה,ב,עב,00252
53,13,11388,ליידן,חנינה,בן,21,1,010,001,מגילה,ג,עב,00281
82,18,11413,ליידן,חלקו,בתוך,09,1,011,001,מגילה,ד,עב,00306
1,1,11437,ליידן,"""הקורא",,01,1,001,002,מגילה,א,עג,00330
118,27,11460,ליידן,לכרך,שהלך,01,1,003,002,מגילה,ב,עג,00353
90,18,11498,ליידן,בין,טמיאה,05,5,004,002,מגילה,ג,עג,00391
1,1,11520,ליידן,"""בני",,01,1,001,003,מגילה,ד,עג,00413
52,10,11544,ליידן,אין,אומ',03,3,001,003,מגילה,א,עד,00437
93,20,11574,ליידן,לבא,קורין,02,1,004,003,מגילה,ב,עד,00467
142,30,11601,ליידן,מטי,דהוה,12,2,006,003,מגילה,ג,עד,00494
145,27,11611,ליידן,כיני,עליה,01,1,001,004,מגילה,ד,עד,00504
27,7,11640,ליידן,תורה,אם,06,2,001,004,מגילה,א,עה,00533
100,20,11672,ליידן,אמ',שבעה,01,3,003,004,מגילה,ב,עה,00565
57,12,11703,ליידן,מכיון,ליה,02,1,007,004,מגילה,ג,עה,00596
67,12,11738,ליידן,עושין,אין,18,3,010,004,מגילה,ד,עה,00631
1,1,11742,ליידן,"""הכל",,01,1,001,001,חגיגה,ד,עה,00001
170,34,11750,ליידן,אחת,כתונת,05,2,001,001,חגיגה,א,עו,00009
90,17,11780,ליידן,על,ממשכנין,14,11,001,001,חגיגה,ב,עו,00039
160,31,11809,ליידן,חגיגה,שלמי,04,1,004,001,חגיגה,ג,עו,00068
248,46,11841,ליידן,ראוי,ושאינו1,07,1,008,001,חגיגה,ד,עו,00100
1,1,11861,ליידן,"""אין",,01,1,001,002,חגיגה,א,עז,00120
134,27,11882,ליידן,בראשית,במעשה,12,3,001,002,חגיגה,ב,עז,00141
82,16,11908,ליידן,באיש,ואשכחיה,38,3,001,002,חגיגה,ג,עז,00167
122,24,11933,ליידן,וימיני,ארץ,63,3,001,002,חגיגה,ד,עז,00192
175,32,11958,ליידן,מן,טלטלתניה,16,2,002,002,חגיגה,א,עח,00217
26,7,11986,ליידן,ר',בשם,02,2,004,002,חגיגה,ב,עח,00245
14,3,12013,ליידן,על,פליג',07,1,006,002,חגיגה,ג,עח,00272
1,1,12025,ליידן,"""חומר",,01,1,001,003,חגיגה,ד,עח,00284
168,35,12052,ליידן,הקודש,כמידת,03,2,001,003,חגיגה,א,עט,00311
79,16,12077,ליידן,המים,גומותיהם,25,1,002,003,חגיגה,ב,עט,00336
53,10,12099,ליידן,ר',לא,01,1,004,003,חגיגה,ג,עט,00358
48,10,12120,ליידן,יש,אם,01,1,006,003,חגיגה,ד,עט,00379
1,1,12142,ליידן,"""משקין",,01,1,001,001,משקין,א,פ,00001
25,6,12150,ליידן,שלא,תמציות,04,2,001,001,משקין,ב,פ,00009
203,43,12173,ליידן,קוראה,טומאה,02,6,002,001,משקין,ג,פ,00032
195,38,12199,ליידן,שנינוחו,לומ',01,2,005,001,משקין,ד,פ,00058
48,11,12229,ליידן,כתחילה,יגדרנו,01,1,009,001,משקין,א,פא,00088
89,20,12243,ליידן,קיימין,אנן,01,1,002,002,משקין,ב,פא,00102
1,1,12267,ליידן,"""אילו",,01,1,001,003,משקין,ג,פא,00126
145,31,12278,ליידן,אמ',לברא,06,3,001,003,משקין,ד,פא,00137
121,28,12301,ליידן,הכא,מן,02,4,001,003,משקין,א,פב,00160
8,3,12329,ליידן,הוה,אמי,04,1,005,003,משקין,ב,פב,00188
10,3,12351,ליידן,או',שמעון,26,1,005,003,משקין,ג,פב,00210
1,1,12374,ליידן,ר',,49,1,005,003,משקין,ד,פב,00233
47,10,12401,ליידן,ושאלון,אתון,76,1,005,003,משקין,א,פג,00260
106,20,12423,ליידן,כהדא,להתאבל,01,1,007,003,משקין,ב,פג,00282
25,6,12467,ליידן,ירמיה,ר',25,1,007,003,משקין,ג,פג,00307
164,31,12503,ליידן,להכעיסיני,מתכוונין,42,1,007,003,משקין,ד,פג,00325
1,1,12546,ליידן,"""חמש",,01,1,001,001,יבמות,א,ב,00001
1,1,12551,ליידן,כיוצא,,06,1,001,001,יבמות,ב,ב,00006
4,2,12565,ליידן,נפק,מה,20,1,001,001,יבמות,ג,ב,00020
96,21,12587,ליידן,ביאה,היא,42,1,001,001,יבמות,ד,ב,00042
167,36,12611,ליידן,ובנה,היא,15,6,001,001,יבמות,א,ג,00066
103,21,12635,ליידן,לדידיה,דמיין,14,1,004,001,יבמות,ב,ג,00090
1,1,12648,ליידן,"""כיצד",,01,1,001,002,יבמות,ג,ג,00103
81,17,12667,ליידן,מותרות,שתיהן,11,1,002,002,יבמות,ד,ג,00122
203,44,12691,ליידן,ל,בת,01,1,005,002,יבמות,א,ד,00146
68,12,12716,ליידן,עם,בקפודקייא,02,2,009,002,יבמות,ב,ד,00171
1,1,12722,ליידן,"""ארבעה",,01,1,001,003,יבמות,ג,ד,00177
85,20,12743,ליידן,קיניין,אינו,22,1,001,003,יבמות,ד,ד,00198
30,7,12769,ליידן,לאחר,מעכשיו,04,1,005,003,יבמות,א,ה,00224
1,1,12792,ליידן,"""החולץ",,01,1,001,004,יבמות,ב,ה,00247
131,24,12795,ליידן,הואיל,וזו,04,1,001,004,יבמות,ג,ה,00250
167,29,12817,ליידן,הזרע,נסרח,05,2,002,004,יבמות,ד,ה,00272
191,43,12839,ליידן,לו,בטלה,01,3,007,004,יבמות,א,ו,00294
73,15,12862,ליידן,אמ',שנבעלו,05,2,010,004,יבמות,ב,ו,00317
18,5,12886,ליידן,אשת,מה,04,1,013,004,יבמות,ג,ו,00341
46,9,12899,ליידן,אמרין,אינון,05,1,001,005,יבמות,ד,ו,00354
1,1,12926,ליידן,הל',,01,3,003,005,יבמות,א,ז,00381
1,1,12942,ליידן,"""הבא",,01,1,001,006,יבמות,ב,ז,00397
157,32,12961,ליידן,והכא,אירוסין,02,1,003,006,יבמות,ג,ז,00416
45,9,12993,ליידן,לא,ושלישית,05,2,006,006,יבמות,ד,ז,00448
138,26,13001,ליידן,ועבדיה,עבדים,01,1,001,007,יבמות,א,ח,00456
55,11,13024,ליידן,מאכילן,זכרים,09,1,003,007,יבמות,ב,ח,00479
153,30,13046,ליידן,שאין,ואת,04,4,005,007,יבמות,ג,ח,00501
140,31,13056,ליידן,לומ',סופך,06,1,001,008,יבמות,ד,ח,00511
24,6,13082,ליידן,והכותי,הכותי,32,1,001,008,יבמות,א,ט,00537
119,26,13106,ליידן,ובלבד,חנין,04,1,002,008,יבמות,ב,ט,00561
26,7,13133,ליידן,בר,אדא,18,3,002,008,יבמות,ג,ט,00588
175,37,13157,ליידן,יום,משלשים,10,2,003,008,יבמות,ד,ט,00612
1,1,13184,ליידן,"""יש",,01,1,001,009,יבמות,א,י,00639
89,19,13196,ליידן,ועבדיה,אוכלת,04,3,003,009,יבמות,ב,י,00651
1,1,13222,ליידן,"""האשה",,01,1,001,010,יבמות,ג,י,00676
133,31,13232,ליידן,יוסי,דר',02,4,001,010,יבמות,ד,י,00686
52,10,13259,ליידן,אומ',ושנים,06,1,003,010,יבמות,א,יא,00713
194,41,13281,ליידן,על,פוסל,01,2,004,010,יבמות,ב,יא,00735
99,19,13306,ליידן,ורבנן1,שמעו',04,1,009,010,יבמות,ג,יא,00760
130,30,13316,ליידן,בלאו,בתה,05,1,001,011,יבמות,ד,יא,00770
118,25,13345,ליידן,שהכירה,בזמן,04,1,002,011,יבמות,א,יב,00799
143,30,13372,ליידן,לצורך,שלא,06,1,006,011,יבמות,ב,יב,00826
46,9,13386,ליידן,שהיא,בשנים,05,1,001,012,יבמות,ג,יב,00840
90,20,13413,ליידן,תמן,שלעץ,01,2,002,012,יבמות,ד,יב,00867
65,15,13443,ליידן,"""ועלתה",והכת',03,1,006,012,יבמות,א,יג,00897
1,1,13463,ליידן,"""בית",,01,1,001,013,יבמות,ב,יג,00917
66,15,13472,ליידן,או,נתגרשו,04,2,001,013,יבמות,ג,יג,00926
154,31,13499,ליידן,ר',תני,08,3,002,013,יבמות,ד,יג,00953
87,17,13530,ליידן,תתארס,אלא,01,3,007,013,יבמות,א,יד,00984
1,1,13555,ליידן,"""חרש",,01,1,001,014,יבמות,ב,יד,01009
100,20,13568,ליידן,החליצה,מן,01,2,004,014,יבמות,ג,יד,01022
45,9,13573,ליידן,''שאין,דתנינן,02,1,001,015,יבמות,ד,יד,01027
44,9,13602,ליידן,ותלש,וקפץ,14,2,003,015,יבמות,א,טו,01056
64,12,13631,ליידן,זה,מכחישין,13,1,005,015,יבמות,ב,טו,01085
1,1,13649,דפוס ונציה,"""האשה",,01,1,001,016,יבמות,ג,טו,01103
68,14,13669,דפוס ונציה,אומר,אומר,03,4,003,016,יבמות,ד,טו,01123
81,16,13699,ליידן,''הלכו,אשתו'',09,1,006,016,יבמות,א,טז,01153
225,45,13702,ליידן,גובה,בעדים,03,1,007,016,יבמות,ב,טז,01156
1,1,13709,ליידן,"""המקנא",,01,1,001,001,סוטה,ב,טז,00001
170,33,13724,ליידן,מדבר,דבר,16,1,001,001,סוטה,ג,טז,00016
53,11,13750,ליידן,שלבועל,לאחיו,16,2,002,001,סוטה,ד,טז,00042
68,13,13771,ליידן,ר',אמ',05,2,004,001,סוטה,א,יז,00063
126,26,13798,ליידן,שכרמיהן,כשם,05,1,008,001,סוטה,ב,יז,00090
144,30,13822,ליידן,אמ',וכמה,03,2,009,001,סוטה,ג,יז,00114
1,1,13834,ליידן,"""היה",,01,1,001,002,סוטה,ד,יז,00126
114,25,13852,ליידן,החטאת,על,05,1,002,002,סוטה,א,יח,00144
15,4,13877,ליידן,כותב,"""אינו",01,1,005,002,סוטה,ב,יח,00169
1,1,13896,ליידן,"""היה",,01,1,001,003,סוטה,ג,יח,00188
55,10,13906,ליידן,ולצורך,קיימין,04,2,002,003,סוטה,ד,יח,00198
154,34,13929,ליידן,ומה,"והטף""",08,2,004,003,סוטה,א,יט,00221
38,8,13953,ליידן,שלכהנים,חוטא,05,1,006,003,סוטה,ב,יט,00245
1,1,13975,ליידן,"""ארוסה",,01,1,001,004,סוטה,ג,יט,00267
198,39,13989,ליידן,חנינא,ר',06,1,003,004,סוטה,ד,יט,00281
1,1,14004,ליידן,"""כשם",,01,1,001,005,סוטה,א,כ,00296
147,30,14027,ליידן,פוסל,יום,12,1,002,005,סוטה,ב,כ,00319
128,28,14051,ליידן,במקום,ולא,05,1,003,005,סוטה,ג,כ,00343
158,32,14074,ליידן,גרנות,כל,05,2,005,005,סוטה,ד,כ,00366
182,38,14089,ליידן,סתם,"""עד""",01,1,002,006,סוטה,א,כא,00381
1,1,14107,ליידן,"""אילו",,01,1,001,007,סוטה,ב,כא,00399
99,23,14116,ליידן,הבאים,הדורות,02,4,001,007,סוטה,ג,כא,00408
250,54,14138,ליידן,אלף,מאות,09,2,005,007,סוטה,ד,כא,00430
1,1,14163,ליידן,תני,,13,3,005,007,סוטה,א,כב,00455
1,1,14175,ליידן,"""משוח",,01,1,001,008,סוטה,ב,כב,00467
41,9,14190,ליידן,עלי,ובימי,05.2,3,001,008,סוטה,ג,כב,00480
87,16,14218,ליידן,ופלג,תרין,28,3,001,008,סוטה,ד,כב,00510
25,6,14244,ליידן,הנושא,אומרת,02,3,002,008,סוטה,א,כג,00536
1,1,14263,ליידן,"""עגלה",,01,1,001,009,סוטה,ב,כג,00555
74,15,14267,ליידן,מפרפר,ראוהו,05,1,001,009,סוטה,ג,כג,00559
10,3,14290,ליידן,כל,שוה,03,1,003,009,סוטה,ד,כג,00582
5,2,14291,ליידן,הל',1,01,1,004,009,סוטה,ג,כג,00583
5,2,14294,ליידן,הל',3,01,1,005,009,סוטה,ד,כג,00586
126,27,14315,ליידן,העם,עז,04,1,006,009,סוטה,א,כד,00607
33,6,14340,ליידן,את,לגנאי,04,4,010,009,סוטה,ב,כד,00632
55,10,14368,ליידן,זו,חתנים,01,1,014,009,סוטה,ג,כד,00660
1,1,14383,ליידן,"""בתולה",,01,1,001,001,כתובות,ד,כד,00001
55,12,14399,ליידן,אמר,דאת,17,1,001,001,כתובות,א,כה,00017
56,11,14421,ליידן,שמואל,בשם,01,1,002,001,כתובות,ב,כה,00039
56,12,14444,ליידן,יכול,הדא,02,1,004,001,כתובות,ג,כה,00062
1,1,14468,ליידן,ר',,03,1,008,001,כתובות,ד,כה,00086
93,17,14489,ליידן,ר',לעיסה,12,1,010,001,כתובות,א,כו,00107
149,29,14497,ליידן,והודה,הואיל,07,1,001,002,כתובות,ב,כו,00115
140,29,14523,ליידן,ושטר,אמנה,06,1,003,002,כתובות,ג,כו,00141
150,28,14546,ליידן,דחנניה,חטאת,04,2,005,002,כתובות,ד,כו,00164
29,6,14571,ליידן,בגודלן,להעיד,01,2,010,002,כתובות,א,כז,00189
79,17,14580,ליידן,על,הבא,02,3,001,003,כתובות,ב,כז,00198
117,26,14605,ליידן,תשלומין,עליו,26,3,001,003,כתובות,ג,כז,00223
226,44,14625,ליידן,באשפה,נבעלת,01,1,004,003,כתובות,ד,כז,00243
1,1,14648,ליידן,ר',,08,1,008,003,כתובות,א,כח,00266
1,1,14654,ליידן,"""נערה",,01,1,001,004,כתובות,ב,כח,00272
78,14,14676,ליידן,"""לקחתי""",יבם,04,1,003,004,כתובות,ג,כח,00294
57,13,14696,ליידן,כך,ואחר,23,1,003,004,כתובות,ד,כח,00314
104,19,14720,ליידן,תהויין,לביתי,12.1,1,006,004,כתובות,א,כט,00337
143,30,14750,ליידן,אלא,יטלון,04.1,1,010,004,כתובות,ב,כט,00367
1,1,14765,ליידן,"""אע'פ",,01,1,001,005,כתובות,ג,כט,00383
24,6,14778,ליידן,אלעזר,כר',14.1,1,001,005,כתובות,ד,כט,00395
9,3,14799,ליידן,"""המקדיש",ה',01,1,004,005,כתובות,א,ל,00417
148,27,14820,ליידן,אמ',"לחודש""",01,2,006,005,כתובות,ב,ל,00438
14,4,14842,ליידן,בר,אלעזר,04,1,009,005,כתובות,ג,ל,00460
123,26,14854,ליידן,שהיא,אשה,01,1,003,006,כתובות,ד,ל,00472
150,29,14878,ליידן,והולכין,גובין,03,1,007,006,כתובות,א,לא,00496
1,1,14886,ליידן,"""המדיר",,01,1,001,007,כתובות,ב,לא,00504
152,29,14906,ליידן,כל,אמ',01,4,006,007,כתובות,ג,לא,00524
217,46,14926,ליידן,עד,או',02,2,007,007,כתובות,ד,לא,00544
1,1,14938,ליידן,"""האשה",,01,1,001,008,כתובות,א,לב,00556
96,19,14954,ליידן,אלהיך,י'י,02,1,004,008,כתובות,ב,לב,00572
269,47,14978,ליידן,לכתובתה'',אחראין,05,1,008,008,כתובות,ג,לב,00596
1,1,14984,ליידן,"""הכותב",,01,1,001,009,כתובות,ד,לב,00602
28,7,15010,ליידן,אבי,הושעיה,11,2,001,009,כתובות,א,לג,00628
116,24,15034,ליידן,תריי,קבל,09,1,005,009,כתובות,ב,לג,00652
254,52,15056,ליידן,מתניתא,ולא,01,1,009,009,כתובות,ג,לג,00674
1,1,15067,ליידן,"""מי",,01,1,001,010,כתובות,ד,לג,00685
181,36,15087,ליידן,אמ',מנא,04,2,004,010,כתובות,א,לד,00705
1,1,15100,ליידן,אשת,,04,1,001,011,כתובות,ב,לד,00718
138,27,15125,ליידן,סופו,אין,01,1,004,011,כתובות,ג,לד,00743
275,55,15154,ליידן,וזו,הוולד,08,2,006,011,כתובות,ד,לד,00772
27,6,15169,ליידן,מתנית',ולא,03,1,003,012,כתובות,א,לה,00787
173,37,15194,ליידן,עילא,ליה,28,1,003,012,כתובות,ב,לה,00812
97,20,15221,ליידן,כתובתה,ואפי',08,1,004,012,כתובות,ג,לה,00839
134,22,15227,ליידן,ומעלה,אותן,04,1,001,013,כתובות,ד,לה,00845
198,39,15250,ליידן,אוכלין,להיות,02,1,003,013,כתובות,א,לו,00868
19,5,15267,ליידן,"השדה""",על,01,1,006,013,כתובות,ב,לו,00885
1,1,15293,ליידן,"""כל",,01,1,001,001,נדרים,ג,לו,00001
179,37,15306,ליידן,הוא,הרי,14,1,001,001,נדרים,ד,לו,00014
179,37,15332,ליידן,שאדם,אמרה,03,1,002,001,נדרים,א,לז,00040
1,1,15353,ליידן,"""אילו",,01,1,001,002,נדרים,ב,לז,00061
100,17,15373,ליידן,אבל,"הלשכה""",01,3,004,002,נדרים,ג,לז,00081
1,1,15379,ליידן,"""ארבעה",,01,1,001,003,נדרים,ד,לז,00087
151,32,15403,ליידן,על,שקר,10,2,002,003,נדרים,א,לח,00111
43,10,15431,ליידן,ההוא,"""ביום",01,2,011,003,נדרים,ב,לח,00139
1,1,15442,ליידן,"""אין",,01,1,001,004,נדרים,ג,לח,00150
21,5,15462,ליידן,דהוא,קטנה,01,3,004,004,נדרים,ד,לח,00170
1,1,15487,ליידן,"""השותפין",,01,1,001,005,נדרים,א,לט,00195
84,18,15500,ליידן,בית,או,03,1,003,005,נדרים,ב,לט,00208
1,1,15517,ליידן,"""הנודר",,01,1,001,006,נדרים,ג,לט,00225
124,25,15532,ליידן,בקטנים,בין,01,2,003,006,נדרים,ד,לט,00240
267,52,15555,ליידן,תחת,מצאו,07,2,009,006,נדרים,א,מ,00263
1,1,15580,ליידן,"""הנודר",,01,1,001,007,נדרים,ב,מ,00288
26,5,15591,ליידן,מה,כו'1,01,1,002,007,נדרים,ג,מ,00299
1,1,15610,ליידן,"""קונם",,01,1,001,008,נדרים,ד,מ,00318
92,21,15628,ליידן,יוחנן,ר',02,1,002,008,נדרים,א,מא,00336
1,1,15650,ליידן,"""ר'",,01,1,001,009,נדרים,ב,מא,00358
151,31,15663,ליידן,מראה,"""לכל",12,2,001,009,נדרים,ג,מא,00371
1,1,15686,ליידן,"""נערה",,01,1,001,010,נדרים,ד,מא,00394
114,23,15698,ליידן,מת,תתארס,01,3,002,010,נדרים,א,מב,00406
75,17,15723,ליידן,ר',נדר,12,1,008,010,נדרים,ב,מב,00431
1,1,15732,ליידן,"""אילו",,01,1,001,011,נדרים,ג,מב,00440
96,23,15756,ליידן,ליתנו,ברוצה,04,1,003,011,נדרים,ד,מב,00464
1,1,15789,ליידן,"""המביא",,01,1,001,001,גיטין,א,מג,00001
190,38,15799,ליידן,בטלה,מקצתה,11,1,001,001,גיטין,ב,מג,00011
91,18,15825,ליידן,אף,יוחנן,01,1,002,001,גיטין,ג,מג,00037
68,14,15848,ליידן,את,ומוציאין,07,1,005,001,גיטין,ד,מג,00060
1,1,15875,ליידן,"""המביא",,01,1,001,002,גיטין,א,מד,00087
193,37,15885,ליידן,מדבר,זיופו,01,1,002,002,גיטין,ב,מד,00097
131,27,15910,ליידן,צריך,אמ',01,1,005,002,גיטין,ג,מד,00122
1,1,15920,ליידן,ר',,04,1,001,003,גיטין,ד,מד,00132
180,38,15943,ליידן,שחרוריך,שטר,01,2,003,003,גיטין,א,מה,00155
101,21,15969,ליידן,מיכן,או,06,1,008,003,גיטין,ב,מה,00181
1,1,15978,ליידן,"""השולח",,01,1,001,004,גיטין,ג,מה,00190
44,10,16001,ליידן,אלא1,נפטרו,02,2,003,004,גיטין,ד,מה,00213
55,13,16025,ליידן,לו,שיאמר,05,2,004,004,גיטין,א,מו,00237
100,21,16054,ליידן,אותו,פודין,01,1,009,004,גיטין,ב,מו,00266
1,1,16063,ליידן,"""הניזקין",,01,1,001,005,גיטין,ג,מו,00275
1,1,16085,ליידן,ואתייא,,03,3,001,005,גיטין,ד,מו,00297
160,34,16110,ליידן,אבידה,מצא,03,2,003,005,גיטין,א,מז,00322
13,4,16135,ליידן,יוסי,ר',04,2,005,005,גיטין,ב,מז,00347
73,18,16159,ליידן,שתי,שיביא,03,4,008,005,גיטין,ג,מז,00371
1,1,16174,ליידן,"""האומר",,01,1,001,006,גיטין,ד,מז,00386
53,13,16191,ליידן,עובדא,אתא,18,1,001,006,גיטין,א,מח,00403
152,30,16217,ליידן,ואילו,אילו,02,4,005,006,גיטין,ב,מח,00429
1,1,16229,ליידן,"""מי",,01,1,001,007,גיטין,ג,מח,00441
28,6,16249,ליידן,לאשתך,גט,03,2,001,007,גיטין,ד,מח,00461
142,28,16277,ליידן,בירוש',שלקינים,02,2,004,007,גיטין,א,מט,00489
1,1,16297,ליידן,"""הזורק",,01,1,001,008,גיטין,ב,מט,00509
9,3,16312,ליידן,"""וכן",ג',01,1,003,008,גיטין,ג,מט,00524
59,12,16337,ליידן,אמרין,דאינון,02,1,009,008,גיטין,ד,מט,00549
1,1,16358,ליידן,"""המגרש",,01,1,001,009,גיטין,א,נ,00570
19,5,16369,ליידן,אשה,מצינו,12,1,001,009,גיטין,ב,נ,00581
123,28,16392,ליידן,את,או',05,2,005,009,גיטין,ג,נ,00604
8,2,16412,ליידן,פליג',מתנית',03,1,008,009,גיטין,ד,נ,00624
1,1,16430,ליידן,"""כל",,01,1,001,001,נזיר,א,נא,00001
100,20,16438,ליידן,כינויין,כינויי,04,4,001,001,נזיר,ב,נא,00009
118,23,16464,ליידן,יצא,עליו,02,4,002,001,נזיר,ג,נא,00035
1,1,16482,ליידן,"""הריני",,01,1,001,002,נזיר,ד,נא,00053
233,47,16499,ליידן,לא,אפי',04,1,002,002,נזיר,א,נב,00070
142,29,16525,ליידן,קרבן,להביא,04,1,009,002,נזיר,ב,נב,00096
1,1,16540,ליידן,"""מי",,01,1,001,003,נזיר,ג,נב,00111
112,24,16560,ליידן,אמ',ויחזור,04,1,005,003,נזיר,ד,נב,00131
1,1,16581,ליידן,"""מי",,01,1,001,004,נזיר,א,נג,00152
61,12,16594,ליידן,אומדין,אחת,01,1,003,004,נזיר,ב,נג,00165
61,10,16619,ליידן,לשאר,ושאר,15,2,004,004,נזיר,ג,נג,00190
1,1,16635,ליידן,"""בית",,01,1,001,005,נזיר,ד,נג,00206
56,13,16650,ליידן,יום,ים,16,1,001,005,נזיר,א,נד,00221
178,35,16672,ליידן,הוינן,אלא,02,2,004,005,נזיר,ב,נד,00243
1,1,16687,ליידן,"""שלשה",,01,1,001,006,נזיר,ג,נד,00258
84,18,16700,ליידן,אמ',יוחנן,14,1,001,006,נזיר,ד,נד,00271
81,16,16722,ליידן,לחים,וענבים,36,1,001,006,נזיר,א,נה,00293
70,16,16749,ליידן,טהור,בנזיר,08,1,003,006,נזיר,ב,נה,00320
31,8,16776,ליידן,תנא,מאן,02,1,007,006,נזיר,ג,נה,00347
51,12,16802,ליידן,אמ',ניטמא,02,1,011,006,נזיר,ד,נה,00373
59,13,16813,ליידן,הצדיק,"בצדקו""",09,1,001,007,נזיר,א,נו,00384
32,6,16838,ליידן,נתחייבתי,לזכות,34,1,001,007,נזיר,ב,נו,00409
152,33,16864,ליידן,גילגלין,נפשך,12,2,002,007,נזיר,ג,נו,00435
10,3,16888,ליידן,בשם,יוחנן,02,1,004,007,נזיר,ד,נו,00459
1,1,16899,ליידן,"""שני",,01,1,001,008,נזיר,א,נז,00470
202,37,16925,ליידן,שמצורע,כדרך,04,1,002,008,נזיר,ב,נז,00496
1,1,16942,ליידן,"""הגוים",,01,1,001,009,נזיר,ג,נז,00513
154,31,16963,ליידן,בנזיר,מחמיר,06,1,002,009,נזיר,ד,נז,00534
64,14,16984,ליידן,עד',ירמיה,01,3,003,009,נזיר,א,נח,00555
1,1,17004,ליידן,"""האשה",,01,1,001,001,קידושין,ב,נח,00001
105,21,17017,ליידן,יש',עריות,14,1,001,001,קידושין,ג,נח,00014
207,41,17041,ליידן,מכלים,כסף,38,1,001,001,קידושין,ד,נח,00038
112,22,17066,ליידן,בחליצתה,בין,07,3,001,001,קידושין,א,נט,00063
104,22,17092,ליידן,בפחות,לא,01,4,002,001,קידושין,ב,נט,00089
19,5,17117,ליידן,פרשת,הרי,25,5,002,001,קידושין,ג,נט,00114
56,13,17142,ליידן,שטרו,כותבין,49,5,002,001,קידושין,ד,נט,00139
225,42,17167,ליידן,לזכות,שבגליל,11,1,003,001,קידושין,א,ס,00164
87,20,17191,ליידן,כולהם,מהן,02,1,004,001,קידושין,ב,ס,00188
178,36,17215,ליידן,הוא,מהן,13,2,004,001,קידושין,ג,ס,00212
123,25,17239,ליידן,אמרו,לחלקן,11,2,005,001,קידושין,ד,ס,00236
97,22,17259,ליידן,אמ',פריטיא,09,1,006,001,קידושין,א,סא,00256
10,3,17286,ליידן,ואחד,האיש,20,1,007,001,קידושין,ב,סא,00283
132,28,17311,ליידן,תקח,''לא,45,1,007,001,קידושין,ג,סא,00308
47,9,17336,ליידן,מכיון,"וצאנינו""",08,1,009,001,קידושין,ד,סא,00333
1,1,17358,ליידן,"""האיש",,01,1,001,002,קידושין,א,סב,00355
122,22,17367,ליידן,מודין,הכל,10,1,001,002,קידושין,ב,סב,00364
100,22,17392,ליידן,ונפ,אחד,11,3,001,002,קידושין,ג,סב,00389
90,18,17415,ליידן,שהיא,שמתוך,06,1,005,002,קידושין,ד,סב,00412
39,9,17437,ליידן,אמ',הוא,03,1,008,002,קידושין,א,סג,00434
112,22,17459,ליידן,חנינה,בן,01,1,010,002,קידושין,ב,סג,00456
1,1,17466,ליידן,"""האומר",,01,1,001,003,קידושין,ג,סג,00463
110,25,17484,ליידן,בערוות,נפשך,19,1,001,003,קידושין,ד,סג,00481
211,40,17511,ליידן,הכל,תנייו,04,1,004,003,קידושין,א,סד,00508
56,13,17540,ליידן,מתקדשת,אחד,11,2,005,003,קידושין,ב,סד,00537
14,4,17564,ליידן,הכל,אבין,06,1,009,003,קידושין,ג,סד,00561
182,39,17588,ליידן,היתה,שאם,22,1,012,003,קידושין,ד,סד,00585
1,1,17611,ליידן,"""עשרה",,01,1,001,004,קידושין,א,סה,00608
160,30,17613,ליידן,הכא,"ציונים""",02,2,001,004,קידושין,ב,סה,00610
93,18,17643,ליידן,שנשתנית,אילו,20,6,001,004,קידושין,ג,סה,00640
56,13,17670,ליידן,בשוק,מושלך,02,1,002,004,קידושין,ד,סה,00667
133,32,17696,ליידן,לי,אמ',05,1,006,004,קידושין,א,סו,00693
117,25,17713,ליידן,על,שותקת,01,1,010,004,קידושין,ב,סו,00710
5,2,17715,ליידן,הל',1,01,1,011,004,קידושין,א,סו,00712
5,2,17719,ליידן,הל',3,01,2,011,004,קידושין,ב,סו,00716
1,1,17742,ליידן,"""ארבעה",,01,1,001,001,בבא קמא,א,ב,00001
71,13,17749,ליידן,שליקלק,וכלב,08,1,001,001,בבא קמא,ב,ב,00008
172,37,17761,ליידן,טפילה,עיקר,04,2,001,001,בבא קמא,ג,ב,00020
1,1,17785,ליידן,"""כיצד",,01,1,001,002,בבא קמא,ד,ב,00044
96,20,17796,ליידן,חצי,ואתחתון,03,3,001,002,בבא קמא,א,ג,00055
1,1,17816,ליידן,"""המניח",,01,1,001,003,בבא קמא,ב,ג,00075
6,2,17820,ליידן,חבית,הניח,05,1,001,003,בבא קמא,ג,ג,00079
250,46,17843,ליידן,השם'',אינו,07,1,003,003,בבא קמא,ד,ג,00102
1,1,17867,ליידן,"""שור",,01,1,001,004,בבא קמא,א,ד,00126
55,10,17875,ליידן,הראשונים,ושנים,09,1,001,004,בבא קמא,ב,ד,00134
111,22,17899,ליידן,מדבר,הכת',04,1,005,004,בבא קמא,ג,ד,00158
1,1,17920,ליידן,"""שור",,01,1,001,005,בבא קמא,ד,ד,00179
124,25,17931,ליידן,האשה,את,01,1,004,005,בבא קמא,א,ה,00190
1,1,17956,ליידן,"""הכונס",,01,1,001,006,בבא קמא,ב,ה,00215
1,1,17973,ליידן,הל',,01,1,004,006,בבא קמא,ג,ה,00232
1,1,17993,ליידן,"""מרובה",,01,1,001,007,בבא קמא,ד,ה,00252
1,1,18007,ליידן,והיכי,,06,2,003,007,בבא קמא,א,ו,00266
1,1,18023,ליידן,"""החובל",,01,1,001,008,בבא קמא,ב,ו,00282
55,13,18039,ליידן,צערו,נזקו,03,1,003,008,בבא קמא,ג,ו,00298
1,1,18052,ליידן,"""הגוזל",,01,1,001,009,בבא קמא,ד,ו,00311
178,33,18070,ליידן,אלא,ליתנון,03,1,004,009,בבא קמא,א,ז,00329
1,1,18091,ליידן,"""הגוזל",,01,1,001,010,בבא קמא,ב,ז,00350
92,21,18106,ליידן,כן,מנת,01,2,002,010,בבא קמא,ג,ז,00365
1,1,18126,ליידן,"""שנים",,01,1,001,001,בבא מציעא,ד,ז,00001
130,26,18140,ליידן,אשכח,דיקלא,08,1,004,001,בבא מציעא,א,ח,00015
1,1,18159,ליידן,"""אילו",,01,1,001,002,בבא מציעא,ב,ח,00034
81,17,18168,ליידן,להכריז,חייב,02,1,002,002,בבא מציעא,ג,ח,00043
15,4,18195,ליידן,תלמ',אמ',03,2,007,002,בבא מציעא,ד,ח,00070
1,1,18217,ליידן,"""המפקיד",,01,1,001,003,בבא מציעא,א,ט,00092
23,7,18231,ליידן,חייה,ר',03,1,006,003,בבא מציעא,ב,ט,00106
1,1,18254,ליידן,"""הכסף",,01,1,001,004,בבא מציעא,ג,ט,00128
60,14,18272,ליידן,וביקש,לחבירו,07,1,002,004,בבא מציעא,ד,ט,00146
1,1,18301,ליידן,"""אי",,01,1,001,005,בבא מציעא,א,י,00175
60,12,18307,ליידן,בפחות,חבירו,02,1,002,005,בבא מציעא,ב,י,00181
137,30,18334,ליידן,נותן,ואני,05,2,005,005,בבא מציעא,ג,י,00208
18,5,18368,ליידן,אדם,יאמר,01,1,009,005,בבא מציעא,ד,י,00242
5,2,18383,ליידן,דבר',במ',08,1,001,006,בבא מציעא,א,יא,00257
1,1,18402,ליידן,"""השוכר",,01,1,001,007,בבא מציעא,ב,יא,00276
52,11,18414,ליידן,לזיקת,בא,01,1,007,007,בבא מציעא,ג,יא,00288
149,31,18421,ליידן,ולא,הפרה,01,1,001,008,בבא מציעא,ד,יא,00295
1,1,18435,ליידן,"""המקבל",,01,1,001,009,בבא מציעא,א,יב,00309
107,23,18450,ליידן,וכל,הלילה,02,1,011,009,בבא מציעא,ב,יב,00324
1,1,18465,ליידן,"""הבית",,01,1,001,010,בבא מציעא,ג,יב,00339
1,1,18487,ליידן,"""השותפין",,01,1,001,001,בבא בתרא,ד,יב,00001
55,12,18496,ליידן,אמות,ארבע,01,1,006,001,בבא בתרא,א,יג,00010
1,1,18506,ליידן,"""לא",,01,1,001,002,בבא בתרא,ב,יג,00020
1,1,18527,ליידן,אמ',,02,1,004,002,בבא בתרא,ג,יג,00041
1,1,18544,ליידן,"""חזקת",,01,1,001,003,בבא בתרא,ד,יג,00058
135,25,18558,ליידן,וגו',"ותקשר""",10,2,001,003,בבא בתרא,א,יד,00072
127,25,18585,ליידן,כן,אמרה,01,1,005,003,בבא בתרא,ב,יד,00099
1,1,18598,ליידן,"""המוכר",,01,1,001,004,בבא בתרא,ג,יד,00112
127,27,18617,ליידן,אמרין,ורבנין,03,1,009,004,בבא בתרא,ד,יד,00131
1,1,18625,ליידן,"""המוכר",,01,1,001,005,בבא בתרא,א,טו,00139
28,6,18647,ליידן,והוה,אנגרמוס,03,1,009,005,בבא בתרא,ב,טו,00161
64,13,18655,ליידן,ספק,והילך,03,1,003,006,בבא בתרא,ג,טו,00169
138,32,18669,ליידן,יסא,ר',04,1,001,007,בבא בתרא,ד,טו,00183
114,23,18678,ליידן,מכל,זאת,01,1,001,008,בבא בתרא,א,טז,00192
62,12,18703,ליידן,ונאמ',כפילה,02,1,004,008,בבא בתרא,ב,טז,00217
52,11,18727,ליידן,אעיל,יקים,01,1,007,008,בבא בתרא,ג,טז,00241
1,1,18741,ליידן,"""מי",,01,1,001,009,בבא בתרא,ד,טז,00255
53,11,18757,ליידן,עמדו,אלא,04,1,003,009,בבא בתרא,א,יז,00271
279,56,18781,ליידן,אמ',דרבנן,03,1,007,009,בבא בתרא,ב,יז,00295
1,1,18786,ליידן,"""גט",,01,1,001,010,בבא בתרא,ג,יז,00300
25,6,18810,ליידן,ראשון,זמן,04,2,006,010,בבא בתרא,ד,יז,00324
1,1,18824,ליידן,"""דיני",,01,1,001,001,סנהדרין,א,יח,00001
195,38,18842,ליידן,דבר',במ',15,2,001,001,סנהדרין,ב,יח,00019
87,17,18872,ליידן,"""וששים","המלך""",04,2,002,001,סנהדרין,ג,יח,00049
140,30,18895,ליידן,אחא,ר',28,2,002,001,סנהדרין,ד,יח,00072
72,14,18920,ליידן,אונו,איש,53,2,002,001,סנהדרין,א,יט,00097
24,4,18944,ליידן,הדא,"בשלשה""",01,5,003,001,סנהדרין,ב,יט,00121
205,37,18968,ליידן,לארץ,ויבואו,01,5,005,001,סנהדרין,ג,יט,00145
59,12,18991,ליידן,ניסין,מעשה,09,3,006,001,סנהדרין,ד,יט,00168
118,26,19003,ליידן,ידיה,בחדא,07,1,001,002,סנהדרין,א,כ,00180
29,5,19028,ליידן,ממש,אסורות,02,4,002,002,סנהדרין,ב,כ,00205
60,12,19054,ליידן,"עדשים""","""מליאה",04,1,004,002,סנהדרין,ג,כ,00231
133,25,19081,ליידן,"""והקשיבו",כלום,05,2,005,002,סנהדרין,ד,כ,00258
1,1,19087,ליידן,"""דיני",,01,1,001,003,סנהדרין,א,כא,00264
43,9,19113,ליידן,במלאכתו,ועוסק,04,4,003,003,סנהדרין,ב,כא,00290
1,1,19144,ליידן,רב,,05,1,006,003,סנהדרין,ג,כא,00321
87,17,19171,ליידן,בר,הושעיה,24,2,006,003,סנהדרין,ד,כא,00348
1,1,19195,ליידן,"""אחד",,01,1,001,004,סנהדרין,א,כב,00372
124,24,19203,ליידן,אל,"""צדיק",01,4,001,004,סנהדרין,ב,כב,00380
50,11,19228,ליידן,מראה,אדם,02,3,005,004,סנהדרין,ג,כב,00405
12,3,19240,ליידן,בחמורה,מיתתו,04,3,001,005,סנהדרין,ד,כב,00417
61,12,19269,ליידן,זוגות,ומזדווגין,01,1,005,005,סנהדרין,א,כג,00446
1,1,19277,ליידן,"""נגמר",,01,1,001,006,סנהדרין,ב,כג,00454
110,22,19295,ליידן,אמרין,לכלבה,04,3,002,006,סנהדרין,ג,כג,00472
179,34,19326,ליידן,דעתו,את,02,4,004,006,סנהדרין,ד,כג,00503
118,24,19353,ליידן,באין,''הקרובין,04,2,006,006,סנהדרין,א,כד,00530
1,1,19355,ליידן,"""ארבע",,01,1,001,007,סנהדרין,ב,כד,00532
141,28,19375,ליידן,דברי,עליה,01,2,003,007,סנהדרין,ג,כד,00552
104,21,19399,ליידן,יכול,מתנית',23,1,004,007,סנהדרין,ד,כד,00576
25,6,19423,ליידן,אזהרה,"הזכור""",01,5,004,007,סנהדרין,א,כה,00600
118,24,19446,ליידן,הגוי,קיללת,05,3,005,007,סנהדרין,ב,כה,00623
161,31,19471,ליידן,בו,מושך,06,1,007,007,סנהדרין,ג,כה,00648
79,14,19498,ליידן,בבית,אותו,02,1,010,007,סנהדרין,ד,כה,00675
1,1,19519,ליידן,"""בן",,01,1,001,008,סנהדרין,א,כו,00696
74,13,19528,ליידן,''ואיננו,"אותו""",01,2,002,008,סנהדרין,ב,כו,00705
159,32,19555,ליידן,ואמרה,תלמודו,01,1,005,008,סנהדרין,ג,כו,00732
1,1,19570,ליידן,"""אילו",,01,1,001,009,סנהדרין,ד,כו,00747
10,3,19590,ליידן,"""על",טע',21,1,001,009,סנהדרין,א,כז,00767
146,32,19614,ליידן,אמ',אדם,01,2,002,009,סנהדרין,ב,כז,00791
1,1,19629,ליידן,"""אילו",,01,1,001,010,סנהדרין,ג,כז,00806
150,28,19644,ליידן,שליש,ממרקת,16,1,001,010,סנהדרין,ד,כז,00821
64,14,19669,ליידן,באותה,טהור,05,2,001,010,סנהדרין,א,כח,00846
35,8,19696,ליידן,שמתי,אש',01,4,001,010,סנהדרין,ב,כח,00873
64,14,19719,ליידן,מת,"""כי",01,4,002,010,סנהדרין,ג,כח,00896
115,23,19739,ליידן,הוא,י'י,21,4,002,010,סנהדרין,ד,כח,00916
99,20,19764,ליידן,מחבל,שהוא,25,5,002,010,סנהדרין,א,כט,00941
128,25,19787,ליידן,ותתנו,תשאו,13,7,002,010,סנהדרין,ב,כט,00964
13,3,19811,ליידן,ויהא,דינם,04,2,003,010,סנהדרין,ג,כט,00988
156,29,19833,ליידן,ושלדגים,ושלעופות,02,1,004,010,סנהדרין,ד,כט,01010
1,1,19846,ליידן,"""ואילו",,01,1,001,011,סנהדרין,א,ל,01023
73,17,19866,ליידן,חומרין,בהן,03,1,003,011,סנהדרין,ב,ל,01043
49,12,19891,ליידן,תור,ליה,05,3,005,011,סנהדרין,ג,ל,01068
1,1,19913,ליידן,"""כיצד",,01,1,001,001,מכות,א,לא,00001
112,23,19930,ליידן,בראשונה,הוזמו,03,1,006,001,מכות,ב,לא,00018
1,1,19943,ליידן,"""אילו",,01,1,001,002,מכות,ג,לא,00031
179,38,19950,ליידן,רשות,כל,04,2,002,002,מכות,ד,לא,00038
1,1,19978,ליידן,מהו,,07,1,006,002,מכות,ד,לא,00065
20,5,19979,ליידן,בעבר,משה,08,1,006,002,מכות,א,לב,00066
1,1,19992,ליידן,"""שבועות",,01,1,001,001,שבועות,ג,לב,00001
119,25,19998,ליידן,מראות,קרבנות,07,1,001,001,שבועות,ד,לב,00007
138,28,20020,ליידן,יצאת,חטאת,08,1,002,001,שבועות,א,לג,00029
5,2,20044,ליידן,ר',אמ',10,1,004,001,שבועות,ב,לג,00053
71,16,20069,ליידן,אומ',חכמ',16,2,006,001,שבועות,ג,לג,00078
285,53,20082,ליידן,ישמעאל,דר',01,1,001,002,שבועות,ד,לג,00091
150,27,20104,ליידן,שם,ירוש',02,1,002,002,שבועות,א,לד,00113
1,1,20118,ליידן,"""שבועות",,01,1,001,003,שבועות,ב,לד,00127
47,9,20135,ליידן,דאמ',וכר',08.1,3,001,003,שבועות,ג,לד,00143
180,35,20160,ליידן,פטור,אכלה,01,1,006,003,שבועות,ד,לד,00169
65,13,20190,ליידן,אוכלינה,שלא,01,1,009,003,שבועות,א,לה,00199
1,1,20203,ליידן,"""שבועת",,01,1,001,004,שבועות,ב,לה,00212
115,26,20221,ליידן,עד,שנים,02,5,001,004,שבועות,ג,לה,00230
64,12,20246,ליידן,שבועה,עמהן,02,1,005,004,שבועות,ד,לה,00255
1,1,20272,ליידן,"""שבועת",,01,1,001,005,שבועות,א,לו,00281
125,28,20284,ליידן,כאמור,שוה,02,2,001,005,שבועות,ב,לו,00293
197,42,20309,ליידן,ועדים,טפוס,04,4,003,005,שבועות,ג,לו,00318
1,1,20323,ליידן,"""שבועת",,01,1,001,006,שבועות,ד,לו,00332
37,9,20339,ליידן,לי,תתניהו,01,1,002,006,שבועות,א,לז,00348
57,12,20362,ליידן,קברתיה,לא,08,1,004,006,שבועות,ב,לז,00371
1,1,20382,ליידן,"""כל",,01,1,001,007,שבועות,ג,לז,00391
1,1,20392,ליידן,מתנית',,08,2,001,007,שבועות,ד,לז,00401
114,21,20412,ליידן,ובית,שבועה,09,1,004,007,שבועות,א,לח,00421
1,1,20436,ליידן,"""ארבעה",,01,1,001,008,שבועות,ב,לח,00445
101,20,20448,ליידן,משלמין,ומתה,13,1,001,008,שבועות,ג,לח,00457
1,1,20471,ליידן,הל',,01,1,002,008,שבועות,ד,לח,00480
1,1,20495,ליידן,"""לפני",,01,1,001,001,עבודה זרה,א,לט,00001
62,14,20499,ליידן,יש',של,05,1,001,001,עבודה זרה,ב,לט,00005
310,60,20517,ליידן,אנא,מדייא,02,1,002,001,עבודה זרה,ג,לט,00023
244,46,20541,ליידן,שמים,כנפות,03,1,004,001,עבודה זרה,ד,לט,00047
207,41,20563,ליידן,והוו,קנס,02,3,006,001,עבודה זרה,א,מ,00069
28,8,20587,ליידן,יוסי,ר',11,2,008,001,עבודה זרה,ב,מ,00093
1,1,20594,ליידן,"""אין",,01,1,001,002,עבודה זרה,ג,מ,00100
9,3,20618,ליידן,"""ומתרפין",ב',01,1,002,002,עבודה זרה,ד,מ,00124
25,6,20641,ליידן,בן,אשריך,23.1,1,002,002,עבודה זרה,א,מא,00146
8,3,20671,ליידן,שמעון,ר',18.1,1,003,002,עבודה זרה,ב,מא,00176
116,28,20694,ליידן,ועבדין,מקשי,08,1,004,002,עבודה זרה,ג,מא,00200
138,30,20722,ליידן,"מחר""",בעמלק,10,2,005,002,עבודה זרה,ד,מא,00228
18,4,20749,ליידן,הן,מה,21,1,006,002,עבודה זרה,א,מב,00255
1,1,20770,ליידן,"""כל",,01,1,001,003,עבודה זרה,ב,מב,00276
134,26,20773,ליידן,אל,"האלילים""",04,1,001,003,עבודה זרה,ג,מב,00279
119,22,20798,ליידן,ויברכיני,ניחשתי,02,1,002,003,עבודה זרה,ד,מב,00304
13,4,20819,ליידן,ר',בשם,05,1,005,003,עבודה זרה,א,מג,00325
5,2,20843,ליידן,דמר,מאן,11.1,1,006,003,עבודה זרה,ב,מג,00348
1,1,20868,ליידן,לית,,08,1,008,003,עבודה זרה,ג,מג,00374
120,24,20875,ליידן,משום,בו,03,1,001,004,עבודה זרה,ד,מג,00381
45,12,20901,ליידן,שמעון,לר',09,1,004,004,עבודה זרה,א,מד,00407
134,25,20924,ליידן,ידיה,מתותי,06,1,008,004,עבודה זרה,ב,מד,00430
1,1,20947,ליידן,"""השוכר",,01,1,001,005,עבודה זרה,ג,מד,00453
1,1,20955,ליידן,הכל,,09,1,001,005,עבודה זרה,ד,מד,00461
111,22,20978,ליידן,מפישוט,חוץ,01,1,005,005,עבודה זרה,א,מה,00484
60,15,21001,ליידן,הכא,אוף,14,1,008,005,עבודה זרה,ב,מה,00507
1,1,21028,ליידן,"""הורו",,01,1,001,001,הוריות,ג,מה,00001
97,21,21032,ליידן,והביא2,חטאתו,05,1,001,001,הוריות,ד,מה,00005
160,26,21060,ליידן,בית,כהורייה,08,1,002,001,הוריות,א,מו,00033
235,44,21085,ליידן,או,אלא,05,1,005,001,הוריות,ב,מו,00058
1,1,21104,ליידן,"""הורה",,01,1,001,002,הוריות,ג,מו,00077
71,15,21125,ליידן,אמ',דר',09,3,003,002,הוריות,ד,מו,00098
1,1,21154,ליידן,"""כהן",,01,1,001,003,הוריות,א,מז,00127
107,24,21169,ליידן,להביא,עליו,07,1,003,003,הוריות,ב,מז,00142
73,16,21192,ליידן,לו,ונתוודע,30,1,003,003,הוריות,ג,מז,00165
263,51,21215,ליידן,מביא,דבר,04,2,004,003,הוריות,ד,מז,00188
86,19,21242,ליידן,גומר,או',05,1,005,003,הוריות,א,מח,00215
218,48,21265,ליידן,וזה,להחיות,02,1,007,003,הוריות,ב,מח,00238
16,5,21293,ליידן,להם,צרך,15,1,008,003,הוריות,ג,מח,00266
1,1,21318,ליידן,"""שמי",,01,1,001,001,נידה,ד,מח,00001
14,4,21326,ליידן,שאמרו,לעת,08,1,001,001,נידה,א,מט,00009
53,13,21345,ליידן,הכרת,היא,09,1,004,001,נידה,ב,מט,00028
10,3,21367,ליידן,או',יוסי,01,3,005,001,נידה,ג,מט,00050
1,1,21389,ליידן,"""כל",,01,1,001,002,נידה,ד,מט,00072
65,15,21404,ליידן,ממש,חכמ',02,1,003,002,נידה,א,נ,00087
229,45,21425,ליידן,רב,אמ',05,2,007,002,נידה,ב,נ,00108
1,1,21440,ליידן,"""המפלת",,01,1,001,003,נידה,ג,נ,00123
1,1,21460,ליידן,אמ',,11,2,002,003,נידה,ד,נ,00143
1,1,21484,ליידן,תנא,,13,1,004,003,נידה,א,נא,00167
1,1,21500,ליידן,"""בנות",,01,1,001,004,נידה,ב,נא,00183
