tractate_id,tractate_heb,chapter,mishna,daf,amud
avoda_zara,עבודה זרה,001,001,לט,א
avoda_zara,עבודה זרה,001,002,לט,ג
avoda_zara,עבודה זרה,001,003,לט,ג
avoda_zara,עבודה זרה,001,004,לט,ד
avoda_zara,עבודה זרה,001,005,לט,ד
avoda_zara,עבודה זרה,001,006,מ,א
avoda_zara,עבודה זרה,001,007,מ,א
avoda_zara,עבודה זרה,001,008,מ,ב
avoda_zara,עבודה זרה,001,009,מ,ב
avoda_zara,עבודה זרה,002,001,מ,ג
avoda_zara,עבודה זרה,002,002,מ,ד
avoda_zara,עבודה זרה,002,003,מא,ב
avoda_zara,עבודה זרה,002,004,מא,ג
avoda_zara,עבודה זרה,002,005,מא,ד
avoda_zara,עבודה זרה,002,006,מב,א
avoda_zara,עבודה זרה,002,007,מב,א
avoda_zara,עבודה זרה,003,001,מב,ב
avoda_zara,עבודה זרה,003,002,מב,ד
avoda_zara,עבודה זרה,003,003,מב,ד
avoda_zara,עבודה זרה,003,004,מב,ד
avoda_zara,עבודה זרה,003,005,מג,א
avoda_zara,עבודה זרה,003,006,מג,ב
avoda_zara,עבודה זרה,003,007,מג,ב
avoda_zara,עבודה זרה,003,008,מג,ג
avoda_zara,עבודה זרה,003,009,מג,ג
avoda_zara,עבודה זרה,003,010,מג,ג
avoda_zara,עבודה זרה,004,001,מג,ד
avoda_zara,עבודה זרה,004,002,מג,ד
avoda_zara,עבודה זרה,004,003,מג,ד
avoda_zara,עבודה זרה,004,004,מד,א
avoda_zara,עבודה זרה,004,005,מד,א
avoda_zara,עבודה זרה,004,006,מד,א
avoda_zara,עבודה זרה,004,007,מד,א
avoda_zara,עבודה זרה,004,008,מד,ב
avoda_zara,עבודה זרה,004,009,מד,ב
avoda_zara,עבודה זרה,004,010,מד,ב
avoda_zara,עבודה זרה,004,011,מד,ב
avoda_zara,עבודה זרה,005,001,מד,ג
avoda_zara,עבודה זרה,005,002,מד,ג
avoda_zara,עבודה זרה,005,003,מד,ג
avoda_zara,עבודה זרה,005,004,מד,ג
avoda_zara,עבודה זרה,005,005,מה,א
avoda_zara,עבודה זרה,005,006,מה,א
avoda_zara,עבודה זרה,005,007,מה,א
avoda_zara,עבודה זרה,005,008,מה,ב
avoda_zara,עבודה זרה,005,009,מה,ב
avoda_zara,עבודה זרה,005,010,מה,ב
avoda_zara,עבודה זרה,005,011,מה,ב
avoda_zara,עבודה זרה,005,012,מה,ב
bava_batra,בבא בתרא,001,001,יב,ד
bava_batra,בבא בתרא,001,002,יב,ד
bava_batra,בבא בתרא,001,003,יב,ד
bava_batra,בבא בתרא,001,004,יב,ד
bava_batra,בבא בתרא,001,005,יב,ד
bava_batra,בבא בתרא,001,006,יג,א
bava_batra,בבא בתרא,002,001,יג,ב
bava_batra,בבא בתרא,002,003,יג,ב
bava_batra,בבא בתרא,002,004,יג,ג
bava_batra,בבא בתרא,002,005,יג,ג
bava_batra,בבא בתרא,002,006,יג,ג
bava_batra,בבא בתרא,002,007,יג,ג
bava_batra,בבא בתרא,002,008,יג,ג
bava_batra,בבא בתרא,002,009,יג,ג
bava_batra,בבא בתרא,002,010,יג,ג
bava_batra,בבא בתרא,002,011,יג,ג
bava_batra,בבא בתרא,002,013,יג,ג
bava_batra,בבא בתרא,002,014,יג,ג
bava_batra,בבא בתרא,003,001,יג,ד
bava_batra,בבא בתרא,003,002,יג,ד
bava_batra,בבא בתרא,003,003,יג,ד
bava_batra,בבא בתרא,003,004,יג,ד
bava_batra,בבא בתרא,003,005,יד,ב
bava_batra,בבא בתרא,003,006,יד,ב
bava_batra,בבא בתרא,003,007,יד,ב
bava_batra,בבא בתרא,003,008,יד,ב
bava_batra,בבא בתרא,004,001,יד,ג
bava_batra,בבא בתרא,004,002,יד,ג
bava_batra,בבא בתרא,004,003,יד,ג
bava_batra,בבא בתרא,004,004,יד,ג
bava_batra,בבא בתרא,004,005,יד,ג
bava_batra,בבא בתרא,004,006,יד,ג
bava_batra,בבא בתרא,004,007,יד,ג
bava_batra,בבא בתרא,004,008,יד,ג
bava_batra,בבא בתרא,004,009,יד,ד
bava_batra,בבא בתרא,005,001,טו,א
bava_batra,בבא בתרא,005,003,טו,א
bava_batra,בבא בתרא,005,004,טו,א
bava_batra,בבא בתרא,005,005,טו,א
bava_batra,בבא בתרא,005,006,טו,א
bava_batra,בבא בתרא,005,009,טו,ב
bava_batra,בבא בתרא,005,011,טו,ב
bava_batra,בבא בתרא,006,001,טו,ב
bava_batra,בבא בתרא,006,002,טו,ב
bava_batra,בבא בתרא,006,003,טו,ג
bava_batra,בבא בתרא,006,004,טו,ג
bava_batra,בבא בתרא,006,005,טו,ג
bava_batra,בבא בתרא,006,008,טו,ג
bava_batra,בבא בתרא,007,001,טו,ד
bava_batra,בבא בתרא,007,002,טו,ד
bava_batra,בבא בתרא,007,003,טו,ד
bava_batra,בבא בתרא,007,004,טו,ד
bava_batra,בבא בתרא,008,001,טז,א
bava_batra,בבא בתרא,008,002,טז,א
bava_batra,בבא בתרא,008,003,טז,א
bava_batra,בבא בתרא,008,004,טז,ב
bava_batra,בבא בתרא,008,005,טז,ב
bava_batra,בבא בתרא,008,006,טז,ב
bava_batra,בבא בתרא,008,007,טז,ג
bava_batra,בבא בתרא,009,001,טז,ד
bava_batra,בבא בתרא,009,002,טז,ד
bava_batra,בבא בתרא,009,003,יז,א
bava_batra,בבא בתרא,009,004,יז,א
bava_batra,בבא בתרא,009,005,יז,א
bava_batra,בבא בתרא,009,006,יז,א
bava_batra,בבא בתרא,009,007,יז,ב
bava_batra,בבא בתרא,009,010,יז,ב
bava_batra,בבא בתרא,010,001,יז,ג
bava_batra,בבא בתרא,010,002,יז,ג
bava_batra,בבא בתרא,010,003,יז,ג
bava_batra,בבא בתרא,010,005,יז,ג
bava_batra,בבא בתרא,010,006,יז,ד
bava_batra,בבא בתרא,010,007,יז,ד
bava_batra,בבא בתרא,010,008,יז,ד
bava_metsia,בבא מציעא,001,001,ז,ד
bava_metsia,בבא מציעא,001,002,ז,ד
bava_metsia,בבא מציעא,001,003,ז,ד
bava_metsia,בבא מציעא,001,004,ח,א
bava_metsia,בבא מציעא,001,005,ח,א
bava_metsia,בבא מציעא,001,006,ח,א
bava_metsia,בבא מציעא,001,007,ח,א
bava_metsia,בבא מציעא,001,008,ח,א
bava_metsia,בבא מציעא,002,001,ח,ב
bava_metsia,בבא מציעא,002,002,ח,ג
bava_metsia,בבא מציעא,002,003,ח,ג
bava_metsia,בבא מציעא,002,004,ח,ג
bava_metsia,בבא מציעא,002,006,ח,ג
bava_metsia,בבא מציעא,002,007,ח,ד
bava_metsia,בבא מציעא,002,008,ח,ד
bava_metsia,בבא מציעא,002,009,ח,ד
bava_metsia,בבא מציעא,002,010,ח,ד
bava_metsia,בבא מציעא,002,011,ח,ד
bava_metsia,בבא מציעא,003,001,ט,א
bava_metsia,בבא מציעא,003,002,ט,א
bava_metsia,בבא מציעא,003,003,ט,א
bava_metsia,בבא מציעא,003,006,ט,ב
bava_metsia,בבא מציעא,003,007,ט,ב
bava_metsia,בבא מציעא,003,008,ט,ב
bava_metsia,בבא מציעא,003,009,ט,ב
bava_metsia,בבא מציעא,003,010,ט,ב
bava_metsia,בבא מציעא,003,011,ט,ב
bava_metsia,בבא מציעא,003,012,ט,ב
bava_metsia,בבא מציעא,004,001,ט,ג
bava_metsia,בבא מציעא,004,002,ט,ד
bava_metsia,בבא מציעא,004,003,ט,ד
bava_metsia,בבא מציעא,004,005,ט,ד
bava_metsia,בבא מציעא,004,008,ט,ד
bava_metsia,בבא מציעא,004,009,ט,ד
bava_metsia,בבא מציעא,004,012,ט,ד
bava_metsia,בבא מציעא,005,001,י,א
bava_metsia,בבא מציעא,005,002,י,ב
bava_metsia,בבא מציעא,005,004,י,ב
bava_metsia,בבא מציעא,005,005,י,ג
bava_metsia,בבא מציעא,005,006,י,ג
bava_metsia,בבא מציעא,005,007,י,ג
bava_metsia,בבא מציעא,005,009,י,ד
bava_metsia,בבא מציעא,005,010,י,ד
bava_metsia,בבא מציעא,005,011,י,ד
bava_metsia,בבא מציעא,006,001,יא,א
bava_metsia,בבא מציעא,006,002,יא,א
bava_metsia,בבא מציעא,006,003,יא,א
bava_metsia,בבא מציעא,006,005,יא,א
bava_metsia,בבא מציעא,006,006,יא,א
bava_metsia,בבא מציעא,006,007,יא,א
bava_metsia,בבא מציעא,006,008,יא,א
bava_metsia,בבא מציעא,007,001,יא,ב
bava_metsia,בבא מציעא,007,002,יא,ב
bava_metsia,בבא מציעא,007,003,יא,ב
bava_metsia,בבא מציעא,007,004,יא,ב
bava_metsia,בבא מציעא,007,005,יא,ב
bava_metsia,בבא מציעא,007,006,יא,ב
bava_metsia,בבא מציעא,007,007,יא,ג
bava_metsia,בבא מציעא,007,008,יא,ג
bava_metsia,בבא מציעא,007,011,יא,ג
bava_metsia,בבא מציעא,008,001,יא,ד
bava_metsia,בבא מציעא,008,002,יא,ד
bava_metsia,בבא מציעא,008,003,יא,ד
bava_metsia,בבא מציעא,008,004,יא,ד
bava_metsia,בבא מציעא,008,005,יא,ד
bava_metsia,בבא מציעא,008,006,יא,ד
bava_metsia,בבא מציעא,008,007,יא,ד
bava_metsia,בבא מציעא,008,008,יא,ד
bava_metsia,בבא מציעא,008,009,יא,ד
bava_metsia,בבא מציעא,009,001,יב,א
bava_metsia,בבא מציעא,009,002,יב,א
bava_metsia,בבא מציעא,009,003,יב,א
bava_metsia,בבא מציעא,009,004,יב,א
bava_metsia,בבא מציעא,009,005,יב,א
bava_metsia,בבא מציעא,009,006,יב,א
bava_metsia,בבא מציעא,009,007,יב,א
bava_metsia,בבא מציעא,009,008,יב,א
bava_metsia,בבא מציעא,009,009,יב,א
bava_metsia,בבא מציעא,009,010,יב,א
bava_metsia,בבא מציעא,009,011,יב,ב
bava_metsia,בבא מציעא,009,012,יב,ב
bava_metsia,בבא מציעא,009,013,יב,ב
bava_metsia,בבא מציעא,010,001,יב,ג
bava_metsia,בבא מציעא,010,002,יב,ג
bava_metsia,בבא מציעא,010,003,יב,ג
bava_metsia,בבא מציעא,010,004,יב,ג
bava_metsia,בבא מציעא,010,005,יב,ג
bava_metsia,בבא מציעא,010,006,יב,ג
bava_qama,בבא קמא,001,001,ב,א
bava_qama,בבא קמא,001,002,ב,א
bava_qama,בבא קמא,001,003,ב,א
bava_qama,בבא קמא,001,004,ב,א
bava_qama,בבא קמא,002,001,ב,ד
bava_qama,בבא קמא,002,002,ב,ד
bava_qama,בבא קמא,002,003,ב,ד
bava_qama,בבא קמא,002,004,ב,ד
bava_qama,בבא קמא,002,005,ב,ד
bava_qama,בבא קמא,002,006,ב,ד
bava_qama,בבא קמא,003,001,ג,ב
bava_qama,בבא קמא,003,002,ג,ב
bava_qama,בבא קמא,003,003,ג,ד
bava_qama,בבא קמא,003,004,ג,ד
bava_qama,בבא קמא,003,005,ג,ד
bava_qama,בבא קמא,003,006,ג,ד
bava_qama,בבא קמא,003,007,ג,ד
bava_qama,בבא קמא,003,009,ג,ד
bava_qama,בבא קמא,003,010,ג,ד
bava_qama,בבא קמא,003,011,ג,ד
bava_qama,בבא קמא,004,001,ד,א
bava_qama,בבא קמא,004,002,ד,א
bava_qama,בבא קמא,004,003,ד,א
bava_qama,בבא קמא,004,004,ד,א
bava_qama,בבא קמא,004,005,ד,ג
bava_qama,בבא קמא,004,006,ד,ג
bava_qama,בבא קמא,004,007,ד,ג
bava_qama,בבא קמא,004,008,ד,ג
bava_qama,בבא קמא,004,009,ד,ג
bava_qama,בבא קמא,005,001,ד,ד
bava_qama,בבא קמא,005,002,ד,ד
bava_qama,בבא קמא,005,003,ד,ד
bava_qama,בבא קמא,005,004,ה,א
bava_qama,בבא קמא,005,005,ה,א
bava_qama,בבא קמא,005,006,ה,א
bava_qama,בבא קמא,005,007,ה,א
bava_qama,בבא קמא,006,001,ה,ב
bava_qama,בבא קמא,006,002,ה,ב
bava_qama,בבא קמא,006,003,ה,ב
bava_qama,בבא קמא,006,004,ה,ג
bava_qama,בבא קמא,006,005,ה,ג
bava_qama,בבא קמא,006,006,ה,ג
bava_qama,בבא קמא,007,001,ה,ד
bava_qama,בבא קמא,007,002,ה,ד
bava_qama,בבא קמא,007,003,ו,א
bava_qama,בבא קמא,007,004,ו,א
bava_qama,בבא קמא,007,005,ו,א
bava_qama,בבא קמא,007,006,ו,א
bava_qama,בבא קמא,007,007,ו,א
bava_qama,בבא קמא,008,001,ו,ב
bava_qama,בבא קמא,008,003,ו,ג
bava_qama,בבא קמא,008,005,ו,ג
bava_qama,בבא קמא,008,006,ו,ג
bava_qama,בבא קמא,008,007,ו,ג
bava_qama,בבא קמא,009,001,ו,ד
bava_qama,בבא קמא,009,002,ו,ד
bava_qama,בבא קמא,009,003,ו,ד
bava_qama,בבא קמא,009,004,ז,א
bava_qama,בבא קמא,009,005,ז,א
bava_qama,בבא קמא,009,007,ז,א
bava_qama,בבא קמא,009,010,ז,א
bava_qama,בבא קמא,009,011,ז,א
bava_qama,בבא קמא,009,012,ז,א
bava_qama,בבא קמא,010,001,ז,ב
bava_qama,בבא קמא,010,002,ז,ג
bava_qama,בבא קמא,010,003,ז,ג
bava_qama,בבא קמא,010,004,ז,ג
bava_qama,בבא קמא,010,005,ז,ג
bava_qama,בבא קמא,010,007,ז,ג
bava_qama,בבא קמא,010,008,ז,ג
bava_qama,בבא קמא,010,009,ז,ג
bava_qama,בבא קמא,010,010,ז,ג
berakhot,ברכות,001,001,ב,א
berakhot,ברכות,001,002,ג,ב
berakhot,ברכות,001,003,ג,ג
berakhot,ברכות,001,004,ג,ד
berakhot,ברכות,001,005,ד,א
berakhot,ברכות,002,001,ד,ב
berakhot,ברכות,002,002,ד,ג
berakhot,ברכות,002,003,ה,א
berakhot,ברכות,002,004,ה,א
berakhot,ברכות,002,005,ה,ב
berakhot,ברכות,002,006,ה,ב
berakhot,ברכות,002,007,ה,ג
berakhot,ברכות,002,008,ה,ד
berakhot,ברכות,003,001,ו,א
berakhot,ברכות,003,002,ו,א
berakhot,ברכות,003,003,ו,א
berakhot,ברכות,003,004,ו,ג
berakhot,ברכות,003,005,ו,ד
berakhot,ברכות,003,006,ז,א
berakhot,ברכות,004,001,ז,ב
berakhot,ברכות,004,002,ז,ב
berakhot,ברכות,004,003,ח,א
berakhot,ברכות,004,004,ח,ב
berakhot,ברכות,004,005,ח,ג
berakhot,ברכות,004,006,ח,ג
berakhot,ברכות,004,007,ח,ג
berakhot,ברכות,005,001,ח,ד
berakhot,ברכות,005,002,ט,ב
berakhot,ברכות,005,003,ט,ב
berakhot,ברכות,005,004,ט,ד
berakhot,ברכות,005,005,ט,ד
berakhot,ברכות,006,001,י,א
berakhot,ברכות,006,002,י,ג
berakhot,ברכות,006,003,י,ג
berakhot,ברכות,006,004,י,ג
berakhot,ברכות,006,005,י,ג
berakhot,ברכות,006,006,י,ד
berakhot,ברכות,006,007,י,ד
berakhot,ברכות,006,008,י,ד
berakhot,ברכות,007,001,יא,א
berakhot,ברכות,007,002,יא,א
berakhot,ברכות,007,003,יא,ג
berakhot,ברכות,007,004,יא,ג
berakhot,ברכות,007,005,יא,ד
berakhot,ברכות,008,001,יב,א
berakhot,ברכות,008,002,יב,א
berakhot,ברכות,008,003,יב,ב
berakhot,ברכות,008,004,יב,ב
berakhot,ברכות,008,005,יב,ב
berakhot,ברכות,008,006,יב,ג
berakhot,ברכות,008,007,יב,ג
berakhot,ברכות,008,008,יב,ג
berakhot,ברכות,009,001,יב,ד
berakhot,ברכות,009,002,יג,ד
berakhot,ברכות,009,003,יד,ב
berakhot,ברכות,009,004,יד,ב
berakhot,ברכות,009,005,יד,ג
bikkurim,בכורים,001,001,סג,ג
bikkurim,בכורים,001,002,סג,ג
bikkurim,בכורים,001,003,סג,ג
bikkurim,בכורים,001,004,סד,א
bikkurim,בכורים,001,005,סד,ב
bikkurim,בכורים,001,006,סד,ב
bikkurim,בכורים,001,007,סד,ב
bikkurim,בכורים,001,010,סד,ב
bikkurim,בכורים,001,011,סד,ב
bikkurim,בכורים,002,001,סד,ג
bikkurim,בכורים,002,002,סה,א
bikkurim,בכורים,002,003,סה,א
bikkurim,בכורים,002,004,סה,א
bikkurim,בכורים,002,005,סה,א
bikkurim,בכורים,002,006,סה,ב
bikkurim,בכורים,002,007,סה,ב
bikkurim,בכורים,002,008,סה,ב
bikkurim,בכורים,002,009,סה,ב
bikkurim,בכורים,002,010,סה,ב
bikkurim,בכורים,002,011,סה,ב
bikkurim,בכורים,003,001,סה,ג
bikkurim,בכורים,003,002,סה,ג
bikkurim,בכורים,003,003,סה,ד
bikkurim,בכורים,003,004,סה,ד
bikkurim,בכורים,003,005,סה,ד
bikkurim,בכורים,003,006,סה,ד
bikkurim,בכורים,003,007,סה,ד
bikkurim,בכורים,003,008,סה,ד
bikkurim,בכורים,003,009,סה,ד
bikkurim,בכורים,003,011,סה,ד
chagiga,חגיגה,001,001,עה,ד
chagiga,חגיגה,001,002,עה,ד
chagiga,חגיגה,001,003,עה,ד
chagiga,חגיגה,001,004,עו,ג
chagiga,חגיגה,001,005,עו,ג
chagiga,חגיגה,001,006,עו,ג
chagiga,חגיגה,001,007,עו,ג
chagiga,חגיגה,001,008,עו,ד
chagiga,חגיגה,002,001,עז,א
chagiga,חגיגה,002,002,עח,א
chagiga,חגיגה,002,003,עח,א
chagiga,חגיגה,002,004,עח,ב
chagiga,חגיגה,002,005,עח,ב
chagiga,חגיגה,002,006,עח,ג
chagiga,חגיגה,002,007,עח,ג
chagiga,חגיגה,003,001,עח,ד
chagiga,חגיגה,003,002,עט,ב
chagiga,חגיגה,003,003,עט,ב
chagiga,חגיגה,003,004,עט,ג
chagiga,חגיגה,003,005,עט,ג
chagiga,חגיגה,003,006,עט,ד
chagiga,חגיגה,003,007,עט,ד
chagiga,חגיגה,003,008,עט,ד
chala,חלה,001,001,נז,א
chala,חלה,001,002,נז,א
chala,חלה,001,003,נז,ד
chala,חלה,001,004,נז,ד
chala,חלה,001,005,נח,א
chala,חלה,001,006,נח,א
chala,חלה,001,007,נח,א
chala,חלה,001,008,נח,א
chala,חלה,001,009,נח,א
chala,חלה,002,001,נח,ב
chala,חלה,002,002,נח,ג
chala,חלה,002,003,נח,ג
chala,חלה,002,004,נח,ג
chala,חלה,002,005,נח,ג
chala,חלה,002,006,נח,ד
chala,חלה,002,007,נח,ד
chala,חלה,002,008,נח,ד
chala,חלה,003,001,נט,א
chala,חלה,003,002,נט,א
chala,חלה,003,004,נט,א
chala,חלה,003,005,נט,ב
chala,חלה,003,006,נט,ב
chala,חלה,003,007,נט,ב
chala,חלה,003,008,נט,ג
chala,חלה,004,001,נט,ד
chala,חלה,004,002,נט,ד
chala,חלה,004,003,נט,ד
chala,חלה,004,004,נט,ד
chala,חלה,004,005,ס,א
chala,חלה,004,006,ס,א
chala,חלה,004,007,ס,א
chala,חלה,004,008,ס,ב
chala,חלה,004,009,ס,ב
chala,חלה,004,010,ס,ב
chala,חלה,004,011,ס,ב
demai,דמאי,001,001,כא,ג
demai,דמאי,001,002,כא,ג
demai,דמאי,001,003,כב,א
demai,דמאי,001,004,כב,א
demai,דמאי,002,001,כב,ג
demai,דמאי,002,002,כב,ג
demai,דמאי,002,003,כג,א
demai,דמאי,002,004,כג,א
demai,דמאי,002,005,כג,א
demai,דמאי,003,001,כג,ב
demai,דמאי,003,002,כג,ג
demai,דמאי,003,003,כג,ג
demai,דמאי,003,004,כג,ד
demai,דמאי,003,005,כג,ד
demai,דמאי,003,006,כג,ד
demai,דמאי,004,001,כד,א
demai,דמאי,004,002,כד,א
demai,דמאי,004,003,כד,א
demai,דמאי,004,004,כד,א
demai,דמאי,004,005,כד,ב
demai,דמאי,004,006,כד,ב
demai,דמאי,004,007,כד,ב
demai,דמאי,005,001,כד,ג
demai,דמאי,005,002,כד,ג
demai,דמאי,005,003,כד,ד
demai,דמאי,005,004,כד,ד
demai,דמאי,005,005,כד,ד
demai,דמאי,005,006,כד,ד
demai,דמאי,005,007,כד,ד
demai,דמאי,005,008,כד,ד
demai,דמאי,005,009,כה,א
demai,דמאי,005,010,כה,א
demai,דמאי,005,011,כה,א
demai,דמאי,006,001,כה,ב
demai,דמאי,006,002,כה,ב
demai,דמאי,006,003,כה,ג
demai,דמאי,006,004,כה,ג
demai,דמאי,006,005,כה,ג
demai,דמאי,006,006,כה,ד
demai,דמאי,006,007,כה,ד
demai,דמאי,006,008,כה,ד
demai,דמאי,006,010,כה,ד
demai,דמאי,006,011,כה,ד
demai,דמאי,006,012,כו,א
demai,דמאי,007,001,כו,ב
demai,דמאי,007,002,כו,ב
demai,דמאי,007,003,כו,ב
demai,דמאי,007,004,כו,ב
demai,דמאי,007,005,כו,ב
demai,דמאי,007,006,כו,ג
demai,דמאי,007,007,כו,ג
demai,דמאי,007,008,כו,ג
eruvin,עירובין,001,001,יח,ב
eruvin,עירובין,001,002,יט,א
eruvin,עירובין,001,003,יט,א
eruvin,עירובין,001,004,יט,א
eruvin,עירובין,001,005,יט,א
eruvin,עירובין,001,006,יט,ב
eruvin,עירובין,001,007,יט,ב
eruvin,עירובין,001,008,יט,ג
eruvin,עירובין,001,009,יט,ג
eruvin,עירובין,001,010,יט,ד
eruvin,עירובין,002,001,כ,א
eruvin,עירובין,002,002,כ,א
eruvin,עירובין,002,003,כ,א
eruvin,עירובין,002,004,כ,ב
eruvin,עירובין,002,005,כ,ב
eruvin,עירובין,002,006,כ,ב
eruvin,עירובין,003,001,כ,ג
eruvin,עירובין,003,002,כ,ג
eruvin,עירובין,003,003,כא,א
eruvin,עירובין,003,004,כא,א
eruvin,עירובין,003,005,כא,ב
eruvin,עירובין,003,006,כא,ב
eruvin,עירובין,003,007,כא,ג
eruvin,עירובין,003,008,כא,ג
eruvin,עירובין,003,009,כא,ג
eruvin,עירובין,004,001,כא,ד
eruvin,עירובין,004,002,כא,ד
eruvin,עירובין,004,003,כא,ד
eruvin,עירובין,004,004,כב,א
eruvin,עירובין,004,005,כב,א
eruvin,עירובין,004,006,כב,א
eruvin,עירובין,004,007,כב,א
eruvin,עירובין,004,009,כב,א
eruvin,עירובין,004,010,כב,א
eruvin,עירובין,004,011,כב,א
eruvin,עירובין,005,001,כב,ב
eruvin,עירובין,005,002,כב,ב
eruvin,עירובין,005,003,כב,ד
eruvin,עירובין,005,004,כב,ד
eruvin,עירובין,005,005,כב,ד
eruvin,עירובין,005,006,כב,ד
eruvin,עירובין,005,007,כב,ד
eruvin,עירובין,005,008,כג,א
eruvin,עירובין,005,009,כג,א
eruvin,עירובין,006,001,כג,ב
eruvin,עירובין,006,003,כג,ג
eruvin,עירובין,006,004,כג,ג
eruvin,עירובין,006,005,כג,ג
eruvin,עירובין,006,006,כג,ד
eruvin,עירובין,006,007,כג,ד
eruvin,עירובין,006,008,כד,א
eruvin,עירובין,006,009,כד,א
eruvin,עירובין,006,010,כד,א
eruvin,עירובין,007,001,כד,ב
eruvin,עירובין,007,002,כד,ג
eruvin,עירובין,007,003,כד,ג
eruvin,עירובין,007,004,כד,ג
eruvin,עירובין,007,005,כד,ג
eruvin,עירובין,007,006,כד,ג
eruvin,עירובין,007,007,כד,ג
eruvin,עירובין,007,008,כד,ג
eruvin,עירובין,007,009,כד,ד
eruvin,עירובין,007,011,כד,ד
eruvin,עירובין,008,001,כה,א
eruvin,עירובין,008,002,כה,א
eruvin,עירובין,008,003,כה,א
eruvin,עירובין,008,004,כה,א
eruvin,עירובין,008,005,כה,א
eruvin,עירובין,008,006,כה,א
eruvin,עירובין,008,007,כה,א
eruvin,עירובין,008,008,כה,ב
eruvin,עירובין,008,009,כה,ב
eruvin,עירובין,008,010,כה,ב
eruvin,עירובין,009,001,כה,ג
eruvin,עירובין,009,002,כה,ג
eruvin,עירובין,009,003,כה,ד
eruvin,עירובין,009,004,כה,ד
eruvin,עירובין,010,001,כו,א
eruvin,עירובין,010,002,כו,א
eruvin,עירובין,010,003,כו,ב
eruvin,עירובין,010,004,כו,ב
eruvin,עירובין,010,005,כו,ב
eruvin,עירובין,010,006,כו,ב
eruvin,עירובין,010,007,כו,ב
eruvin,עירובין,010,008,כו,ב
eruvin,עירובין,010,009,כו,ג
eruvin,עירובין,010,010,כו,ג
eruvin,עירובין,010,011,כו,ג
eruvin,עירובין,010,012,כו,ג
eruvin,עירובין,010,013,כו,ג
eruvin,עירובין,010,014,כו,ד
eruvin,עירובין,010,015,כו,ד
gittin,גיטין,001,001,מג,א
gittin,גיטין,001,002,מג,ג
gittin,גיטין,001,003,מג,ג
gittin,גיטין,001,005,מג,ד
gittin,גיטין,001,006,מג,ד
gittin,גיטין,002,001,מד,א
gittin,גיטין,002,002,מד,ב
gittin,גיטין,002,003,מד,ב
gittin,גיטין,002,004,מד,ב
gittin,גיטין,002,005,מד,ג
gittin,גיטין,002,006,מד,ג
gittin,גיטין,002,007,מד,ג
gittin,גיטין,003,001,מד,ד
gittin,גיטין,003,002,מד,ד
gittin,גיטין,003,003,מה,א
gittin,גיטין,003,004,מה,א
gittin,גיטין,003,005,מה,א
gittin,גיטין,003,006,מה,א
gittin,גיטין,003,007,מה,א
gittin,גיטין,003,008,מה,ב
gittin,גיטין,004,001,מה,ג
gittin,גיטין,004,002,מה,ג
gittin,גיטין,004,003,מה,ד
gittin,גיטין,004,004,מו,א
gittin,גיטין,004,005,מו,א
gittin,גיטין,004,006,מו,א
gittin,גיטין,004,007,מו,א
gittin,גיטין,004,008,מו,א
gittin,גיטין,004,009,מו,ב
gittin,גיטין,005,001,מו,ג
gittin,גיטין,005,002,מו,ג
gittin,גיטין,005,003,מז,א
gittin,גיטין,005,004,מז,א
gittin,גיטין,005,005,מז,ב
gittin,גיטין,005,006,מז,ב
gittin,גיטין,005,007,מז,ב
gittin,גיטין,005,008,מז,ג
gittin,גיטין,005,009,מז,ג
gittin,גיטין,006,001,מז,ד
gittin,גיטין,006,002,מז,ד
gittin,גיטין,006,003,מז,ד
gittin,גיטין,006,004,מז,ד
gittin,גיטין,006,005,מח,ב
gittin,גיטין,006,006,מח,ב
gittin,גיטין,006,007,מח,ב
gittin,גיטין,007,001,מח,ג
gittin,גיטין,007,002,מח,ג
gittin,גיטין,007,003,מח,ג
gittin,גיטין,007,004,מט,א
gittin,גיטין,007,005,מט,א
gittin,גיטין,007,006,מט,א
gittin,גיטין,007,007,מט,א
gittin,גיטין,007,009,מט,א
gittin,גיטין,008,001,מט,ב
gittin,גיטין,008,002,מט,ב
gittin,גיטין,008,003,מט,ג
gittin,גיטין,008,004,מט,ג
gittin,גיטין,008,005,מט,ג
gittin,גיטין,008,007,מט,ג
gittin,גיטין,008,008,מט,ג
gittin,גיטין,008,009,מט,ד
gittin,גיטין,008,010,מט,ד
gittin,גיטין,009,001,נ,א
gittin,גיטין,009,002,נ,א
gittin,גיטין,009,003,נ,א
gittin,גיטין,009,004,נ,א
gittin,גיטין,009,005,נ,ג
gittin,גיטין,009,006,נ,ג
gittin,גיטין,009,007,נ,ג
gittin,גיטין,009,008,נ,ד
gittin,גיטין,009,009,נ,ד
gittin,גיטין,009,010,נ,ד
horayot,הוריות,001,001,מה,ג
horayot,הוריות,001,002,מו,א
horayot,הוריות,001,003,מו,א
horayot,הוריות,001,004,מו,א
horayot,הוריות,001,005,מו,ב
horayot,הוריות,002,001,מו,ג
horayot,הוריות,002,002,מו,ג
horayot,הוריות,002,003,מו,ד
horayot,הוריות,002,004,מו,ד
horayot,הוריות,002,005,מו,ד
horayot,הוריות,002,006,מו,ד
horayot,הוריות,002,007,מו,ד
horayot,הוריות,003,001,מז,א
horayot,הוריות,003,003,מז,ב
horayot,הוריות,003,004,מז,ד
horayot,הוריות,003,005,מח,א
horayot,הוריות,003,006,מח,א
horayot,הוריות,003,007,מח,ב
horayot,הוריות,003,008,מח,ג
ketubbot,כתובות,001,001,כד,ד
ketubbot,כתובות,001,002,כה,ב
ketubbot,כתובות,001,003,כה,ב
ketubbot,כתובות,001,004,כה,ג
ketubbot,כתובות,001,005,כה,ג
ketubbot,כתובות,001,006,כה,ג
ketubbot,כתובות,001,007,כה,ג
ketubbot,כתובות,001,008,כה,ד
ketubbot,כתובות,001,009,כה,ד
ketubbot,כתובות,001,010,כו,א
ketubbot,כתובות,002,001,כו,ב
ketubbot,כתובות,002,002,כו,ב
ketubbot,כתובות,002,003,כו,ג
ketubbot,כתובות,002,004,כו,ג
ketubbot,כתובות,002,005,כו,ד
ketubbot,כתובות,002,007,כו,ד
ketubbot,כתובות,002,008,כו,ד
ketubbot,כתובות,002,009,כו,ד
ketubbot,כתובות,002,010,כז,א
ketubbot,כתובות,003,001,כז,ב
ketubbot,כתובות,003,002,כז,ב
ketubbot,כתובות,003,003,כז,ב
ketubbot,כתובות,003,004,כז,ד
ketubbot,כתובות,003,005,כז,ד
ketubbot,כתובות,003,006,כז,ד
ketubbot,כתובות,003,007,כז,ד
ketubbot,כתובות,003,008,כח,א
ketubbot,כתובות,003,009,כח,א
ketubbot,כתובות,004,001,כח,ב
ketubbot,כתובות,004,002,כח,ב
ketubbot,כתובות,004,003,כח,ג
ketubbot,כתובות,004,004,כח,ג
ketubbot,כתובות,004,005,כח,ג
ketubbot,כתובות,004,006,כט,א
ketubbot,כתובות,004,007,כט,א
ketubbot,כתובות,004,008,כט,א
ketubbot,כתובות,004,009,כט,א
ketubbot,כתובות,004,010,כט,ב
ketubbot,כתובות,004,011,כט,ב
ketubbot,כתובות,004,012,כט,ב
ketubbot,כתובות,005,001,כט,ג
ketubbot,כתובות,005,002,כט,ג
ketubbot,כתובות,005,003,כט,ג
ketubbot,כתובות,005,004,ל,א
ketubbot,כתובות,005,005,ל,א
ketubbot,כתובות,005,006,ל,ב
ketubbot,כתובות,005,007,ל,ב
ketubbot,כתובות,005,008,ל,ב
ketubbot,כתובות,005,009,ל,ג
ketubbot,כתובות,006,001,ל,ג
ketubbot,כתובות,006,002,ל,ג
ketubbot,כתובות,006,003,ל,ד
ketubbot,כתובות,006,004,ל,ד
ketubbot,כתובות,006,005,ל,ד
ketubbot,כתובות,006,006,ל,ד
ketubbot,כתובות,006,007,לא,א
ketubbot,כתובות,007,001,לא,ב
ketubbot,כתובות,007,002,לא,ב
ketubbot,כתובות,007,003,לא,ב
ketubbot,כתובות,007,004,לא,ב
ketubbot,כתובות,007,005,לא,ב
ketubbot,כתובות,007,006,לא,ג
ketubbot,כתובות,007,007,לא,ד
ketubbot,כתובות,007,008,לא,ד
ketubbot,כתובות,007,009,לא,ד
ketubbot,כתובות,007,010,לא,ד
ketubbot,כתובות,008,001,לב,א
ketubbot,כתובות,008,002,לב,א
ketubbot,כתובות,008,003,לב,א
ketubbot,כתובות,008,004,לב,ב
ketubbot,כתובות,008,005,לב,ב
ketubbot,כתובות,008,006,לב,ב
ketubbot,כתובות,008,007,לב,ב
ketubbot,כתובות,008,008,לב,ג
ketubbot,כתובות,009,001,לב,ד
ketubbot,כתובות,009,002,לב,ד
ketubbot,כתובות,009,003,לב,ד
ketubbot,כתובות,009,004,לב,ד
ketubbot,כתובות,009,005,לג,ב
ketubbot,כתובות,009,006,לג,ב
ketubbot,כתובות,009,007,לג,ב
ketubbot,כתובות,009,009,לג,ג
ketubbot,כתובות,010,001,לג,ד
ketubbot,כתובות,010,002,לג,ד
ketubbot,כתובות,010,003,לג,ד
ketubbot,כתובות,010,004,לד,א
ketubbot,כתובות,010,005,לד,א
ketubbot,כתובות,010,006,לד,א
ketubbot,כתובות,011,001,לד,ב
ketubbot,כתובות,011,002,לד,ב
ketubbot,כתובות,011,003,לד,ב
ketubbot,כתובות,011,004,לד,ג
ketubbot,כתובות,011,005,לד,ג
ketubbot,כתובות,011,006,לד,ד
ketubbot,כתובות,012,001,לד,ד
ketubbot,כתובות,012,002,לד,ד
ketubbot,כתובות,012,003,לה,א
ketubbot,כתובות,012,004,לה,ג
ketubbot,כתובות,013,001,לה,ד
ketubbot,כתובות,013,002,לה,ד
ketubbot,כתובות,013,003,לו,א
ketubbot,כתובות,013,004,לו,א
ketubbot,כתובות,013,005,לו,א
ketubbot,כתובות,013,006,לו,ב
ketubbot,כתובות,013,007,לו,ב
ketubbot,כתובות,013,008,לו,ב
ketubbot,כתובות,013,009,לו,ב
ketubbot,כתובות,013,010,לו,ב
ketubbot,כתובות,013,011,לו,ב
kilayim,כלאים,001,001,כו,ד
kilayim,כלאים,001,002,כו,ד
kilayim,כלאים,001,003,כו,ד
kilayim,כלאים,001,004,כו,ד
kilayim,כלאים,001,005,כו,ד
kilayim,כלאים,001,006,כו,ד
kilayim,כלאים,001,007,כז,ב
kilayim,כלאים,001,008,כז,ב
kilayim,כלאים,001,009,כז,ב
kilayim,כלאים,002,001,כז,ג
kilayim,כלאים,002,002,כז,ג
kilayim,כלאים,002,003,כז,ג
kilayim,כלאים,002,004,כז,ג
kilayim,כלאים,002,005,כז,ג
kilayim,כלאים,002,006,כח,א
kilayim,כלאים,002,007,כח,א
kilayim,כלאים,002,008,כח,א
kilayim,כלאים,002,009,כח,א
kilayim,כלאים,002,010,כח,ב
kilayim,כלאים,002,011,כח,ב
kilayim,כלאים,003,001,כח,ג
kilayim,כלאים,003,002,כח,ד
kilayim,כלאים,003,003,כח,ד
kilayim,כלאים,003,004,כח,ד
kilayim,כלאים,003,005,כח,ד
kilayim,כלאים,003,006,כח,ד
kilayim,כלאים,003,007,כט,א
kilayim,כלאים,004,001,כט,ב
kilayim,כלאים,004,002,כט,ב
kilayim,כלאים,004,003,כט,ב
kilayim,כלאים,004,004,כט,ב
kilayim,כלאים,004,005,כט,ג
kilayim,כלאים,004,006,כט,ג
kilayim,כלאים,004,007,כט,ג
kilayim,כלאים,004,008,כט,ג
kilayim,כלאים,004,009,כט,ג
kilayim,כלאים,005,001,כט,ד
kilayim,כלאים,005,002,כט,ד
kilayim,כלאים,005,003,ל,א
kilayim,כלאים,005,004,ל,א
kilayim,כלאים,005,005,ל,א
kilayim,כלאים,005,006,ל,א
kilayim,כלאים,005,007,ל,א
kilayim,כלאים,005,008,ל,א
kilayim,כלאים,006,001,ל,ב
kilayim,כלאים,006,002,ל,ג
kilayim,כלאים,006,003,ל,ג
kilayim,כלאים,006,005,ל,ג
kilayim,כלאים,006,006,ל,ג
kilayim,כלאים,006,007,ל,ג
kilayim,כלאים,006,009,ל,ג
kilayim,כלאים,007,001,ל,ד
kilayim,כלאים,007,002,ל,ד
kilayim,כלאים,007,003,ל,ד
kilayim,כלאים,007,004,לא,א
kilayim,כלאים,007,006,לא,א
kilayim,כלאים,007,007,לא,א
kilayim,כלאים,007,008,לא,א
kilayim,כלאים,008,001,לא,ב
kilayim,כלאים,008,002,לא,ב
kilayim,כלאים,008,003,לא,ב
kilayim,כלאים,008,004,לא,ב
kilayim,כלאים,008,005,לא,ב
kilayim,כלאים,008,006,לא,ד
kilayim,כלאים,009,001,לב,א
kilayim,כלאים,009,002,לב,א
kilayim,כלאים,009,003,לב,א
kilayim,כלאים,009,004,לב,ב
kilayim,כלאים,009,007,לב,ב
kilayim,כלאים,009,008,לב,ב
kilayim,כלאים,009,009,לב,ב
kilayim,כלאים,009,010,לב,ב
maaser_sheni,מעשר שני,001,001,נב,ב
maaser_sheni,מעשר שני,001,002,נב,ד
maaser_sheni,מעשר שני,001,003,נב,ד
maaser_sheni,מעשר שני,001,004,נב,ד
maaser_sheni,מעשר שני,001,006,נב,ד
maaser_sheni,מעשר שני,001,007,נג,א
maaser_sheni,מעשר שני,002,001,נג,ב
maaser_sheni,מעשר שני,002,002,נג,ב
maaser_sheni,מעשר שני,002,003,נג,ב
maaser_sheni,מעשר שני,002,004,נג,ב
maaser_sheni,מעשר שני,002,005,נג,ב
maaser_sheni,מעשר שני,002,006,נג,ב
maaser_sheni,מעשר שני,002,007,נג,ב
maaser_sheni,מעשר שני,002,008,נג,ב
maaser_sheni,מעשר שני,002,009,נג,ד
maaser_sheni,מעשר שני,002,010,נג,ד
maaser_sheni,מעשר שני,003,001,נד,א
maaser_sheni,מעשר שני,003,002,נד,א
maaser_sheni,מעשר שני,003,003,נד,א
maaser_sheni,מעשר שני,003,005,נד,א
maaser_sheni,מעשר שני,003,006,נד,ב
maaser_sheni,מעשר שני,003,007,נד,ב
maaser_sheni,מעשר שני,003,008,נד,ב
maaser_sheni,מעשר שני,003,009,נד,ב
maaser_sheni,מעשר שני,003,010,נד,ג
maaser_sheni,מעשר שני,003,011,נד,ג
maaser_sheni,מעשר שני,003,012,נד,ג
maaser_sheni,מעשר שני,003,013,נד,ג
maaser_sheni,מעשר שני,004,001,נד,ד
maaser_sheni,מעשר שני,004,002,נד,ד
maaser_sheni,מעשר שני,004,003,נה,א
maaser_sheni,מעשר שני,004,004,נה,א
maaser_sheni,מעשר שני,004,005,נה,א
maaser_sheni,מעשר שני,004,006,נה,א
maaser_sheni,מעשר שני,004,007,נה,ב
maaser_sheni,מעשר שני,004,008,נה,ב
maaser_sheni,מעשר שני,004,009,נה,ב
maaser_sheni,מעשר שני,004,011,נה,ב
maaser_sheni,מעשר שני,004,012,נה,ג
maaser_sheni,מעשר שני,005,001,נה,ד
maaser_sheni,מעשר שני,005,002,נה,ד
maaser_sheni,מעשר שני,005,003,נו,ב
maaser_sheni,מעשר שני,005,004,נו,ב
maaser_sheni,מעשר שני,005,005,נו,ב
maaser_sheni,מעשר שני,005,006,נו,ג
maaser_sheni,מעשר שני,005,007,נו,ג
maaser_sheni,מעשר שני,005,008,נו,ג
maaser_sheni,מעשר שני,005,009,נו,ג
maaser_sheni,מעשר שני,005,010,נו,ג
maaser_sheni,מעשר שני,005,012,נו,ג
maaser_sheni,מעשר שני,005,013,נו,ד
maaser_sheni,מעשר שני,005,014,נו,ד
maaser_sheni,מעשר שני,005,015,נו,ד
maasrot,מעשרות,001,001,מח,ג
maasrot,מעשרות,001,002,מח,ג
maasrot,מעשרות,001,003,מט,א
maasrot,מעשרות,001,004,מט,א
maasrot,מעשרות,001,005,מט,א
maasrot,מעשרות,001,006,מט,א
maasrot,מעשרות,001,007,מט,ב
maasrot,מעשרות,001,008,מט,ב
maasrot,מעשרות,002,001,מט,ג
maasrot,מעשרות,002,002,מט,ג
maasrot,מעשרות,002,003,מט,ג
maasrot,מעשרות,002,004,מט,ג
maasrot,מעשרות,002,005,נ,א
maasrot,מעשרות,002,006,נ,א
maasrot,מעשרות,002,007,נ,א
maasrot,מעשרות,002,008,נ,ב
maasrot,מעשרות,003,001,נ,ג
maasrot,מעשרות,003,002,נ,ג
maasrot,מעשרות,003,003,נ,ג
maasrot,מעשרות,003,004,נ,ד
maasrot,מעשרות,003,005,נ,ד
maasrot,מעשרות,003,006,נ,ד
maasrot,מעשרות,003,007,נ,ד
maasrot,מעשרות,003,008,נ,ד
maasrot,מעשרות,003,009,נא,א
maasrot,מעשרות,003,010,נא,א
maasrot,מעשרות,004,001,נא,ב
maasrot,מעשרות,004,002,נא,ב
maasrot,מעשרות,004,003,נא,ב
maasrot,מעשרות,004,004,נא,ב
maasrot,מעשרות,004,005,נא,ב
maasrot,מעשרות,004,006,נא,ג
maasrot,מעשרות,005,001,נא,ג
maasrot,מעשרות,005,002,נא,ד
maasrot,מעשרות,005,003,נא,ד
maasrot,מעשרות,005,004,נא,ד
maasrot,מעשרות,005,005,נא,ד
maasrot,מעשרות,005,006,נב,א
maasrot,מעשרות,005,007,נב,א
maasrot,מעשרות,005,008,נב,א
makkot,מכות,001,001,לא,א
makkot,מכות,001,005,לא,א
makkot,מכות,001,006,לא,ב
makkot,מכות,001,008,לא,ב
makkot,מכות,001,009,לא,ב
makkot,מכות,001,010,לא,ב
makkot,מכות,002,001,לא,ג
makkot,מכות,002,002,לא,ד
makkot,מכות,002,003,לא,ד
makkot,מכות,002,004,לא,ד
makkot,מכות,002,005,לא,ד
makkot,מכות,002,006,לא,ד
makkot,מכות,002,007,לא,ד
makkot,מכות,002,008,לא,ד
mashqin,משקין,001,001,פ,א
mashqin,משקין,001,002,פ,ג
mashqin,משקין,001,003,פ,ג
mashqin,משקין,001,004,פ,ג
mashqin,משקין,001,005,פ,ד
mashqin,משקין,001,006,פ,ד
mashqin,משקין,001,007,פ,ד
mashqin,משקין,001,008,פ,ד
mashqin,משקין,001,009,פא,א
mashqin,משקין,001,010,פא,א
mashqin,משקין,002,001,פא,א
mashqin,משקין,002,002,פא,ב
mashqin,משקין,002,003,פא,ב
mashqin,משקין,002,004,פא,ב
mashqin,משקין,002,005,פא,ב
mashqin,משקין,003,001,פא,ג
mashqin,משקין,003,002,פא,ג
mashqin,משקין,003,003,פא,ג
mashqin,משקין,003,004,פא,ג
mashqin,משקין,003,005,פב,ב
mashqin,משקין,003,006,פב,ב
mashqin,משקין,003,007,פג,ב
mashqin,משקין,003,008,פג,ב
mashqin,משקין,003,009,פג,ב
megilla,מגילה,001,001,סט,ד
megilla,מגילה,001,002,סט,ד
megilla,מגילה,001,003,ע,ג
megilla,מגילה,001,004,עא,א
megilla,מגילה,001,005,עא,א
megilla,מגילה,001,006,עא,ב
megilla,מגילה,001,007,עא,ב
megilla,מגילה,001,008,עא,ג
megilla,מגילה,001,009,עב,ב
megilla,מגילה,001,010,עב,ג
megilla,מגילה,001,011,עב,ד
megilla,מגילה,002,001,עג,א
megilla,מגילה,002,002,עג,א
megilla,מגילה,002,003,עג,ב
megilla,מגילה,002,004,עג,ג
megilla,מגילה,002,005,עג,ג
megilla,מגילה,002,006,עג,ג
megilla,מגילה,003,001,עג,ד
megilla,מגילה,003,002,עג,ד
megilla,מגילה,003,003,עג,ד
megilla,מגילה,003,004,עד,ב
megilla,מגילה,003,005,עד,ב
megilla,מגילה,003,006,עד,ג
megilla,מגילה,004,001,עד,ד
megilla,מגילה,004,002,עד,ד
megilla,מגילה,004,003,עה,ב
megilla,מגילה,004,004,עה,ב
megilla,מגילה,004,005,עה,ב
megilla,מגילה,004,006,עה,ב
megilla,מגילה,004,007,עה,ג
megilla,מגילה,004,008,עה,ג
megilla,מגילה,004,009,עה,ג
megilla,מגילה,004,010,עה,ד
nazir,נזיר,001,001,נא,א
nazir,נזיר,001,002,נא,ג
nazir,נזיר,001,003,נא,ג
nazir,נזיר,001,005,נא,ג
nazir,נזיר,001,006,נא,ג
nazir,נזיר,001,007,נא,ג
nazir,נזיר,002,001,נא,ד
nazir,נזיר,002,002,נב,א
nazir,נזיר,002,003,נב,א
nazir,נזיר,002,004,נב,א
nazir,נזיר,002,005,נב,א
nazir,נזיר,002,006,נב,א
nazir,נזיר,002,007,נב,א
nazir,נזיר,002,008,נב,א
nazir,נזיר,002,009,נב,ב
nazir,נזיר,002,010,נב,ב
nazir,נזיר,003,001,נב,ג
nazir,נזיר,003,002,נב,ג
nazir,נזיר,003,003,נב,ג
nazir,נזיר,003,004,נב,ג
nazir,נזיר,003,005,נב,ד
nazir,נזיר,003,006,נב,ד
nazir,נזיר,003,007,נב,ד
nazir,נזיר,004,001,נג,א
nazir,נזיר,004,002,נג,א
nazir,נזיר,004,003,נג,ב
nazir,נזיר,004,004,נג,ג
nazir,נזיר,004,005,נג,ג
nazir,נזיר,004,006,נג,ג
nazir,נזיר,004,007,נג,ג
nazir,נזיר,005,001,נג,ד
nazir,נזיר,005,003,נג,ד
nazir,נזיר,005,004,נד,ב
nazir,נזיר,005,005,נד,ב
nazir,נזיר,005,006,נד,ב
nazir,נזיר,005,007,נד,ב
nazir,נזיר,006,001,נד,ג
nazir,נזיר,006,002,נד,ג
nazir,נזיר,006,003,נה,ב
nazir,נזיר,006,004,נה,ב
nazir,נזיר,006,005,נה,ב
nazir,נזיר,006,006,נה,ב
nazir,נזיר,006,007,נה,ג
nazir,נזיר,006,008,נה,ג
nazir,נזיר,006,009,נה,ג
nazir,נזיר,006,010,נה,ג
nazir,נזיר,006,011,נה,ד
nazir,נזיר,007,001,נו,א
nazir,נזיר,007,002,נו,ג
nazir,נזיר,007,003,נו,ג
nazir,נזיר,007,004,נו,ד
nazir,נזיר,008,001,נז,א
nazir,נזיר,008,002,נז,ב
nazir,נזיר,009,001,נז,ג
nazir,נזיר,009,002,נז,ד
nazir,נזיר,009,003,נח,א
nazir,נזיר,009,004,נח,א
nazir,נזיר,009,005,נח,א
nedarim,נדרים,001,001,לו,ג
nedarim,נדרים,001,002,לז,א
nedarim,נדרים,001,003,לז,א
nedarim,נדרים,001,004,לז,א
nedarim,נדרים,002,001,לז,ב
nedarim,נדרים,002,002,לז,ב
nedarim,נדרים,002,003,לז,ב
nedarim,נדרים,002,004,לז,ג
nedarim,נדרים,002,005,לז,ג
nedarim,נדרים,003,001,לז,ד
nedarim,נדרים,003,002,לח,א
nedarim,נדרים,003,003,לח,א
nedarim,נדרים,003,004,לח,א
nedarim,נדרים,003,005,לח,א
nedarim,נדרים,003,006,לח,א
nedarim,נדרים,003,009,לח,א
nedarim,נדרים,003,011,לח,ב
nedarim,נדרים,004,001,לח,ג
nedarim,נדרים,004,002,לח,ג
nedarim,נדרים,004,003,לח,ג
nedarim,נדרים,004,004,לח,ד
nedarim,נדרים,004,005,לח,ד
nedarim,נדרים,004,006,לח,ד
nedarim,נדרים,004,007,לח,ד
nedarim,נדרים,004,008,לח,ד
nedarim,נדרים,005,001,לט,א
nedarim,נדרים,005,002,לט,א
nedarim,נדרים,005,003,לט,ב
nedarim,נדרים,005,004,לט,ב
nedarim,נדרים,005,005,לט,ב
nedarim,נדרים,005,006,לט,ב
nedarim,נדרים,006,001,לט,ג
nedarim,נדרים,006,002,לט,ג
nedarim,נדרים,006,003,לט,ד
nedarim,נדרים,006,005,לט,ד
nedarim,נדרים,006,007,לט,ד
nedarim,נדרים,006,008,לט,ד
nedarim,נדרים,006,009,מ,א
nedarim,נדרים,006,010,מ,א
nedarim,נדרים,007,001,מ,ב
nedarim,נדרים,007,002,מ,ג
nedarim,נדרים,007,003,מ,ג
nedarim,נדרים,007,004,מ,ג
nedarim,נדרים,007,005,מ,ג
nedarim,נדרים,007,006,מ,ג
nedarim,נדרים,007,008,מ,ג
nedarim,נדרים,007,009,מ,ג
nedarim,נדרים,008,001,מ,ד
nedarim,נדרים,008,002,מא,א
nedarim,נדרים,008,003,מא,א
nedarim,נדרים,008,004,מא,א
nedarim,נדרים,008,005,מא,א
nedarim,נדרים,008,007,מא,א
nedarim,נדרים,009,001,מא,ב
nedarim,נדרים,009,002,מא,ב
nedarim,נדרים,009,003,מא,ב
nedarim,נדרים,009,004,מא,ב
nedarim,נדרים,009,005,מא,ב
nedarim,נדרים,009,007,מא,ב
nedarim,נדרים,009,009,מא,ב
nedarim,נדרים,009,010,מא,ב
nedarim,נדרים,009,011,מא,ב
nedarim,נדרים,010,001,מא,ד
nedarim,נדרים,010,002,מב,א
nedarim,נדרים,010,003,מב,א
nedarim,נדרים,010,005,מב,א
nedarim,נדרים,010,006,מב,א
nedarim,נדרים,010,007,מב,א
nedarim,נדרים,010,008,מב,ב
nedarim,נדרים,011,001,מב,ג
nedarim,נדרים,011,002,מב,ג
nedarim,נדרים,011,003,מב,ד
nedarim,נדרים,011,004,מב,ד
nedarim,נדרים,011,005,מב,ד
nedarim,נדרים,011,006,מב,ד
nedarim,נדרים,011,007,מב,ד
nedarim,נדרים,011,008,מב,ד
nedarim,נדרים,011,009,מב,ד
nedarim,נדרים,011,010,מב,ד
nedarim,נדרים,011,011,מב,ד
nedarim,נדרים,011,012,מב,ד
nidda,נידה,001,001,מח,ד
nidda,נידה,001,003,מח,ד
nidda,נידה,001,004,מט,ב
nidda,נידה,001,005,מט,ג
nidda,נידה,001,006,מט,ג
nidda,נידה,001,007,מט,ג
nidda,נידה,002,001,מט,ד
nidda,נידה,002,002,מט,ד
nidda,נידה,002,003,נ,א
nidda,נידה,002,004,נ,א
nidda,נידה,002,005,נ,א
nidda,נידה,002,006,נ,א
nidda,נידה,002,007,נ,ב
nidda,נידה,003,001,נ,ג
nidda,נידה,003,002,נ,ד
nidda,נידה,003,003,נ,ד
nidda,נידה,003,004,נא,א
nidda,נידה,003,005,נא,א
nidda,נידה,004,001,נא,ב
orla,ערלה,001,001,ס,ג
orla,ערלה,001,002,סא,א
orla,ערלה,001,003,סא,א
orla,ערלה,001,004,סא,א
orla,ערלה,001,005,סא,ב
orla,ערלה,001,006,סא,ב
orla,ערלה,001,007,סא,ג
orla,ערלה,001,008,סא,ג
orla,ערלה,001,009,סא,ג
orla,ערלה,002,001,סא,ד
orla,ערלה,002,002,סא,ד
orla,ערלה,002,003,סא,ד
orla,ערלה,002,004,סא,ד
orla,ערלה,002,007,סא,ד
orla,ערלה,002,008,סב,ב
orla,ערלה,002,010,סב,ב
orla,ערלה,002,011,סב,ג
orla,ערלה,002,013,סב,ג
orla,ערלה,002,014,סב,ג
orla,ערלה,002,016,סב,ג
orla,ערלה,003,001,סב,ד
orla,ערלה,003,003,סב,ד
orla,ערלה,003,004,סב,ד
orla,ערלה,003,006,סב,ד
orla,ערלה,003,007,סג,ב
orla,ערלה,003,008,סג,ב
orla,ערלה,003,009,סג,ב
peah,פאה,001,001,טו,א
peah,פאה,001,002,טו,א
peah,פאה,001,003,טז,ג
peah,פאה,001,004,טז,ג
peah,פאה,001,005,טז,ג
peah,פאה,001,006,טז,ד
peah,פאה,002,001,יז,א
peah,פאה,002,002,יז,א
peah,פאה,002,003,יז,א
peah,פאה,002,004,יז,א
peah,פאה,002,005,יז,א
peah,פאה,002,006,יז,א
peah,פאה,002,007,יז,ב
peah,פאה,002,008,יז,ב
peah,פאה,003,001,יז,ג
peah,פאה,003,002,יז,ג
peah,פאה,003,003,יז,ג
peah,פאה,003,004,יז,ג
peah,פאה,003,005,יז,ג
peah,פאה,003,006,יז,ד
peah,פאה,003,007,יח,א
peah,פאה,003,008,יח,א
peah,פאה,004,001,יח,א
peah,פאה,004,003,יח,ב
peah,פאה,004,005,יח,ב
peah,פאה,004,006,יח,ב
peah,פאה,004,007,יח,ב
peah,פאה,004,009,יח,ג
peah,פאה,004,010,יח,ג
peah,פאה,004,011,יח,ג
peah,פאה,005,001,יח,ד
peah,פאה,005,002,יט,א
peah,פאה,005,003,יט,א
peah,פאה,005,004,יט,א
peah,פאה,005,005,יט,א
peah,פאה,005,006,יט,א
peah,פאה,005,007,יט,א
peah,פאה,005,008,יט,א
peah,פאה,006,001,יט,ב
peah,פאה,006,002,יט,ג
peah,פאה,006,003,יט,ג
peah,פאה,006,005,יט,ג
peah,פאה,006,006,יט,ג
peah,פאה,006,007,יט,ג
peah,פאה,006,008,יט,ד
peah,פאה,006,009,יט,ד
peah,פאה,006,010,יט,ד
peah,פאה,006,011,יט,ד
peah,פאה,007,001,כ,א
peah,פאה,007,002,כ,א
peah,פאה,007,003,כ,א
peah,פאה,007,004,כ,ב
peah,פאה,007,005,כ,ב
peah,פאה,007,006,כ,ג
peah,פאה,007,007,כ,ג
peah,פאה,007,008,כ,ג
peah,פאה,008,001,כ,ד
peah,פאה,008,002,כ,ד
peah,פאה,008,003,כ,ד
peah,פאה,008,004,כ,ד
peah,פאה,008,005,כא,א
peah,פאה,008,006,כא,א
peah,פאה,008,007,כא,א
peah,פאה,008,008,כא,ב
peah,פאה,008,009,כא,ב
pesachim,פסחים,001,001,כז,א
pesachim,פסחים,001,002,כז,א
pesachim,פסחים,001,003,כז,א
pesachim,פסחים,001,004,כז,ד
pesachim,פסחים,001,005,כז,ד
pesachim,פסחים,001,006,כז,ד
pesachim,פסחים,001,007,כח,א
pesachim,פסחים,002,001,כח,ג
pesachim,פסחים,002,002,כט,א
pesachim,פסחים,002,003,כט,א
pesachim,פסחים,002,004,כט,ב
pesachim,פסחים,002,005,כט,ג
pesachim,פסחים,002,006,כט,ג
pesachim,פסחים,002,007,כט,ג
pesachim,פסחים,002,008,כט,ג
pesachim,פסחים,003,001,כט,ד
pesachim,פסחים,003,002,כט,ד
pesachim,פסחים,003,003,ל,ב
pesachim,פסחים,003,004,ל,ב
pesachim,פסחים,003,005,ל,ב
pesachim,פסחים,003,006,ל,ב
pesachim,פסחים,003,007,ל,ב
pesachim,פסחים,003,008,ל,ב
pesachim,פסחים,004,001,ל,ג
pesachim,פסחים,004,002,ל,ג
pesachim,פסחים,004,003,לא,א
pesachim,פסחים,004,004,לא,א
pesachim,פסחים,004,005,לא,א
pesachim,פסחים,004,006,לא,ב
pesachim,פסחים,004,007,לא,ב
pesachim,פסחים,004,008,לא,ג
pesachim,פסחים,005,001,לא,ד
pesachim,פסחים,005,002,לב,א
pesachim,פסחים,005,003,לב,ב
pesachim,פסחים,005,004,לב,ג
pesachim,פסחים,005,005,לב,ג
pesachim,פסחים,005,006,לב,ג
pesachim,פסחים,005,007,לב,ג
pesachim,פסחים,005,008,לב,ד
pesachim,פסחים,005,009,לב,ד
pesachim,פסחים,005,010,לב,ד
pesachim,פסחים,006,001,לג,א
pesachim,פסחים,006,002,לג,ג
pesachim,פסחים,006,004,לג,ג
pesachim,פסחים,006,005,לג,ד
pesachim,פסחים,006,006,לג,ד
pesachim,פסחים,007,001,לד,א
pesachim,פסחים,007,002,לד,ב
pesachim,פסחים,007,003,לד,ב
pesachim,פסחים,007,004,לד,ב
pesachim,פסחים,007,005,לד,ג
pesachim,פסחים,007,006,לד,ג
pesachim,פסחים,007,007,לד,ד
pesachim,פסחים,007,008,לה,א
pesachim,פסחים,007,009,לה,א
pesachim,פסחים,007,010,לה,א
pesachim,פסחים,007,011,לה,א
pesachim,פסחים,007,012,לה,א
pesachim,פסחים,007,013,לה,ג
pesachim,פסחים,008,001,לה,ד
pesachim,פסחים,008,002,לה,ד
pesachim,פסחים,008,003,לו,א
pesachim,פסחים,008,004,לו,א
pesachim,פסחים,008,005,לו,א
pesachim,פסחים,008,006,לו,א
pesachim,פסחים,008,007,לו,א
pesachim,פסחים,008,008,לו,ב
pesachim,פסחים,009,001,לו,ג
pesachim,פסחים,009,002,לו,ג
pesachim,פסחים,009,003,לו,ג
pesachim,פסחים,009,004,לו,ג
pesachim,פסחים,009,005,לז,א
pesachim,פסחים,009,006,לז,א
pesachim,פסחים,009,007,לז,א
pesachim,פסחים,009,008,לז,א
pesachim,פסחים,009,009,לז,א
pesachim,פסחים,009,011,לז,א
pesachim,פסחים,010,001,לז,ב
pesachim,פסחים,010,002,לז,ב
pesachim,פסחים,010,003,לז,ד
pesachim,פסחים,010,004,לז,ד
pesachim,פסחים,010,006,לז,ד
pesachim,פסחים,010,007,לז,ד
pesachim,פסחים,010,008,לז,ד
pesachim,פסחים,010,009,לז,ד
qiddushin,קידושין,001,001,נח,ב
qiddushin,קידושין,001,002,נט,ב
qiddushin,קידושין,001,003,ס,א
qiddushin,קידושין,001,004,ס,ב
qiddushin,קידושין,001,005,ס,ד
qiddushin,קידושין,001,006,סא,א
qiddushin,קידושין,001,007,סא,ב
qiddushin,קידושין,001,008,סא,ב
qiddushin,קידושין,001,009,סא,ד
qiddushin,קידושין,001,010,סא,ד
qiddushin,קידושין,002,001,סב,א
qiddushin,קידושין,002,002,סב,א
qiddushin,קידושין,002,003,סב,א
qiddushin,קידושין,002,004,סב,א
qiddushin,קידושין,002,005,סב,ד
qiddushin,קידושין,002,006,סב,ד
qiddushin,קידושין,002,007,סב,ד
qiddushin,קידושין,002,008,סג,א
qiddushin,קידושין,002,009,סג,א
qiddushin,קידושין,002,010,סג,ב
qiddushin,קידושין,003,001,סג,ג
qiddushin,קידושין,003,002,סג,ג
qiddushin,קידושין,003,004,סד,א
qiddushin,קידושין,003,005,סד,ב
qiddushin,קידושין,003,006,סד,ב
qiddushin,קידושין,003,007,סד,ב
qiddushin,קידושין,003,008,סד,ב
qiddushin,קידושין,003,009,סד,ג
qiddushin,קידושין,003,011,סד,ג
qiddushin,קידושין,003,012,סד,ד
qiddushin,קידושין,003,013,סד,ד
qiddushin,קידושין,004,001,סה,א
qiddushin,קידושין,004,002,סה,ד
qiddushin,קידושין,004,003,סה,ד
qiddushin,קידושין,004,004,סה,ד
qiddushin,קידושין,004,005,סה,ד
qiddushin,קידושין,004,006,סו,א
qiddushin,קידושין,004,007,סו,א
qiddushin,קידושין,004,008,סו,א
qiddushin,קידושין,004,009,סו,א
qiddushin,קידושין,004,010,סו,ב
qiddushin,קידושין,004,011,סו,א
qiddushin,קידושין,004,012,סו,א
qiddushin,קידושין,004,013,סו,א
qiddushin,קידושין,004,014,סו,א
rosh_hashana,ראש השנה,001,001,נו,א
rosh_hashana,ראש השנה,001,002,נז,ב
rosh_hashana,ראש השנה,001,003,נז,ב
rosh_hashana,ראש השנה,001,005,נז,ב
rosh_hashana,ראש השנה,001,006,נז,ב
rosh_hashana,ראש השנה,001,007,נז,ב
rosh_hashana,ראש השנה,001,008,נז,ג
rosh_hashana,ראש השנה,001,009,נז,ג
rosh_hashana,ראש השנה,002,001,נז,ד
rosh_hashana,ראש השנה,002,002,נז,ד
rosh_hashana,ראש השנה,002,003,נז,ד
rosh_hashana,ראש השנה,002,004,נז,ד
rosh_hashana,ראש השנה,002,005,נז,ד
rosh_hashana,ראש השנה,002,006,נז,ד
rosh_hashana,ראש השנה,002,007,נח,ב
rosh_hashana,ראש השנה,002,008,נח,ב
rosh_hashana,ראש השנה,002,009,נח,ב
rosh_hashana,ראש השנה,003,001,נח,ג
rosh_hashana,ראש השנה,003,002,נח,ג
rosh_hashana,ראש השנה,003,003,נח,ג
rosh_hashana,ראש השנה,003,004,נח,ג
rosh_hashana,ראש השנה,003,005,נט,א
rosh_hashana,ראש השנה,003,006,נט,א
rosh_hashana,ראש השנה,003,007,נט,א
rosh_hashana,ראש השנה,003,008,נט,א
rosh_hashana,ראש השנה,004,001,נט,ב
rosh_hashana,ראש השנה,004,002,נט,ב
rosh_hashana,ראש השנה,004,003,נט,ב
rosh_hashana,ראש השנה,004,004,נט,ג
rosh_hashana,ראש השנה,004,005,נט,ג
rosh_hashana,ראש השנה,004,006,נט,ג
rosh_hashana,ראש השנה,004,007,נט,ג
rosh_hashana,ראש השנה,004,008,נט,ג
rosh_hashana,ראש השנה,004,009,נט,ד
sanhedrin,סנהדרין,001,001,יח,א
sanhedrin,סנהדרין,001,002,יח,ג
sanhedrin,סנהדרין,001,003,יט,ב
sanhedrin,סנהדרין,001,004,יט,ב
sanhedrin,סנהדרין,001,005,יט,ג
sanhedrin,סנהדרין,001,006,יט,ד
sanhedrin,סנהדרין,002,001,כ,א
sanhedrin,סנהדרין,002,002,כ,ב
sanhedrin,סנהדרין,002,003,כ,ב
sanhedrin,סנהדרין,002,004,כ,ג
sanhedrin,סנהדרין,002,005,כ,ד
sanhedrin,סנהדרין,003,001,כא,א
sanhedrin,סנהדרין,003,002,כא,א
sanhedrin,סנהדרין,003,003,כא,ב
sanhedrin,סנהדרין,003,004,כא,ב
sanhedrin,סנהדרין,003,005,כא,ב
sanhedrin,סנהדרין,003,006,כא,ג
sanhedrin,סנהדרין,003,008,כא,ג
sanhedrin,סנהדרין,004,001,כב,א
sanhedrin,סנהדרין,004,002,כב,א
sanhedrin,סנהדרין,004,004,כב,א
sanhedrin,סנהדרין,004,005,כב,ג
sanhedrin,סנהדרין,005,001,כב,ד
sanhedrin,סנהדרין,005,002,כב,ד
sanhedrin,סנהדרין,005,003,כב,ד
sanhedrin,סנהדרין,005,004,כב,ד
sanhedrin,סנהדרין,005,005,כג,א
sanhedrin,סנהדרין,006,001,כג,ב
sanhedrin,סנהדרין,006,002,כג,ג
sanhedrin,סנהדרין,006,003,כג,ג
sanhedrin,סנהדרין,006,004,כג,ד
sanhedrin,סנהדרין,006,005,כג,ד
sanhedrin,סנהדרין,006,006,כד,א
sanhedrin,סנהדרין,007,001,כד,ב
sanhedrin,סנהדרין,007,002,כד,ב
sanhedrin,סנהדרין,007,003,כד,ג
sanhedrin,סנהדרין,007,004,כד,ד
sanhedrin,סנהדרין,007,005,כה,ב
sanhedrin,סנהדרין,007,006,כה,ב
sanhedrin,סנהדרין,007,007,כה,ג
sanhedrin,סנהדרין,007,008,כה,ג
sanhedrin,סנהדרין,007,009,כה,ג
sanhedrin,סנהדרין,007,010,כה,ד
sanhedrin,סנהדרין,007,011,כה,ד
sanhedrin,סנהדרין,008,001,כו,א
sanhedrin,סנהדרין,008,002,כו,ב
sanhedrin,סנהדרין,008,003,כו,ב
sanhedrin,סנהדרין,008,004,כו,ב
sanhedrin,סנהדרין,008,005,כו,ג
sanhedrin,סנהדרין,008,006,כו,ג
sanhedrin,סנהדרין,008,007,כו,ג
sanhedrin,סנהדרין,009,001,כו,ד
sanhedrin,סנהדרין,009,002,כז,ב
sanhedrin,סנהדרין,009,003,כז,ב
sanhedrin,סנהדרין,009,004,כז,ב
sanhedrin,סנהדרין,009,005,כז,ב
sanhedrin,סנהדרין,009,006,כז,ב
sanhedrin,סנהדרין,010,001,כז,ג
sanhedrin,סנהדרין,010,002,כח,ג
sanhedrin,סנהדרין,010,003,כט,ג
sanhedrin,סנהדרין,010,004,כט,ד
sanhedrin,סנהדרין,010,006,כט,ד
sanhedrin,סנהדרין,011,001,ל,א
sanhedrin,סנהדרין,011,002,ל,א
sanhedrin,סנהדרין,011,003,ל,ב
sanhedrin,סנהדרין,011,005,ל,ג
sanhedrin,סנהדרין,011,006,ל,ג
shabbat,שבת,001,001,ב,ב
shabbat,שבת,001,002,ג,ב
shabbat,שבת,001,003,ג,ג
shabbat,שבת,001,004,ג,ד
shabbat,שבת,001,005,ד,א
shabbat,שבת,001,006,ד,א
shabbat,שבת,001,007,ד,ב
shabbat,שבת,001,008,ד,ב
shabbat,שבת,001,009,ד,ב
shabbat,שבת,001,010,ד,ב
shabbat,שבת,001,011,ד,ב
shabbat,שבת,002,001,ד,ג
shabbat,שבת,002,002,ד,ג
shabbat,שבת,002,003,ה,א
shabbat,שבת,002,004,ה,א
shabbat,שבת,002,005,ה,ב
shabbat,שבת,002,006,ה,ב
shabbat,שבת,002,007,ה,ג
shabbat,שבת,003,001,ה,ד
shabbat,שבת,003,002,ה,ד
shabbat,שבת,003,003,ו,א
shabbat,שבת,003,004,ו,א
shabbat,שבת,003,005,ו,ב
shabbat,שבת,003,006,ו,ג
shabbat,שבת,004,001,ו,ד
shabbat,שבת,004,002,ז,א
shabbat,שבת,005,001,ז,ב
shabbat,שבת,005,002,ז,ב
shabbat,שבת,005,003,ז,ב
shabbat,שבת,005,004,ז,ג
shabbat,שבת,006,001,ז,ד
shabbat,שבת,006,002,ח,ב
shabbat,שבת,006,003,ח,ב
shabbat,שבת,006,004,ח,ב
shabbat,שבת,006,005,ח,ג
shabbat,שבת,006,006,ח,ג
shabbat,שבת,006,007,ח,ג
shabbat,שבת,006,008,ח,ג
shabbat,שבת,006,009,ח,ג
shabbat,שבת,006,010,ח,ד
shabbat,שבת,007,001,ט,א
shabbat,שבת,007,002,ט,ג
shabbat,שבת,007,003,ט,ג
shabbat,שבת,007,004,ט,ג
shabbat,שבת,008,001,יא,א
shabbat,שבת,008,002,יא,א
shabbat,שבת,008,003,יא,א
shabbat,שבת,008,004,יא,א
shabbat,שבת,008,005,יא,א
shabbat,שבת,008,006,יא,ג
shabbat,שבת,008,007,יא,ג
shabbat,שבת,009,001,יא,ד
shabbat,שבת,009,002,יב,א
shabbat,שבת,009,003,יב,א
shabbat,שבת,009,004,יב,ב
shabbat,שבת,009,005,יב,ב
shabbat,שבת,009,006,יב,ב
shabbat,שבת,009,007,יב,ב
shabbat,שבת,010,001,יב,ב
shabbat,שבת,010,002,יב,ג
shabbat,שבת,010,003,יב,ג
shabbat,שבת,010,004,יב,ג
shabbat,שבת,010,005,יב,ג
shabbat,שבת,010,006,יב,ד
shabbat,שבת,011,001,יג,א
shabbat,שבת,011,002,יג,א
shabbat,שבת,011,003,יג,א
shabbat,שבת,011,004,יג,א
shabbat,שבת,011,005,יג,ב
shabbat,שבת,011,006,יג,ב
shabbat,שבת,012,001,יג,ג
shabbat,שבת,012,002,יג,ג
shabbat,שבת,012,003,יג,ד
shabbat,שבת,012,004,יג,ד
shabbat,שבת,012,005,יג,ד
shabbat,שבת,012,006,יג,ד
shabbat,שבת,013,001,יד,א
shabbat,שבת,013,002,יד,א
shabbat,שבת,013,003,יד,א
shabbat,שבת,013,004,יד,א
shabbat,שבת,013,005,יד,א
shabbat,שבת,013,006,יד,ב
shabbat,שבת,014,001,יד,ג
shabbat,שבת,014,002,יד,ג
shabbat,שבת,014,003,יד,ג
shabbat,שבת,014,004,טו,א
shabbat,שבת,015,001,טו,א
shabbat,שבת,015,002,טו,א
shabbat,שבת,015,003,טו,ב
shabbat,שבת,016,001,טו,ג
shabbat,שבת,016,002,טו,ד
shabbat,שבת,016,003,טו,ד
shabbat,שבת,016,004,טו,ד
shabbat,שבת,016,005,טו,ד
shabbat,שבת,016,006,טו,ד
shabbat,שבת,016,007,טו,ד
shabbat,שבת,016,008,טו,ד
shabbat,שבת,017,001,טז,א
shabbat,שבת,017,002,טז,ב
shabbat,שבת,017,003,טז,ב
shabbat,שבת,017,004,טז,ב
shabbat,שבת,017,005,טז,ב
shabbat,שבת,017,006,טז,ב
shabbat,שבת,017,007,טז,ב
shabbat,שבת,017,008,טז,ב
shabbat,שבת,018,001,טז,ג
shabbat,שבת,018,002,טז,ג
shabbat,שבת,018,003,טז,ג
shabbat,שבת,019,001,טז,ד
shabbat,שבת,019,002,טז,ד
shabbat,שבת,019,003,יז,ב
shabbat,שבת,019,004,יז,ב
shabbat,שבת,019,005,יז,ב
shabbat,שבת,019,006,יז,ב
shabbat,שבת,020,001,יז,ג
shabbat,שבת,020,002,יז,ג
shabbat,שבת,020,003,יז,ג
shabbat,שבת,020,004,יז,ד
shabbat,שבת,020,005,יז,ד
sheqalim,שקלים,001,001,מה,ד
sheqalim,שקלים,001,002,מה,ד
sheqalim,שקלים,001,003,מה,ד
sheqalim,שקלים,001,004,מו,ב
sheqalim,שקלים,001,005,מו,ב
sheqalim,שקלים,001,006,מו,ב
sheqalim,שקלים,001,007,מו,ב
sheqalim,שקלים,002,001,מו,ג
sheqalim,שקלים,002,002,מו,ג
sheqalim,שקלים,002,003,מו,ד
sheqalim,שקלים,002,004,מו,ד
sheqalim,שקלים,002,005,מז,א
sheqalim,שקלים,003,001,מז,ב
sheqalim,שקלים,003,002,מז,ג
sheqalim,שקלים,003,003,מז,ג
sheqalim,שקלים,003,004,מז,ג
sheqalim,שקלים,004,001,מז,ד
sheqalim,שקלים,004,002,מז,ד
sheqalim,שקלים,004,003,מז,ד
sheqalim,שקלים,004,004,מז,ד
sheqalim,שקלים,004,005,מח,ב
sheqalim,שקלים,004,006,מח,ב
sheqalim,שקלים,004,007,מח,ב
sheqalim,שקלים,004,008,מח,ג
sheqalim,שקלים,004,009,מח,ג
sheqalim,שקלים,005,001,מח,ד
sheqalim,שקלים,005,002,מח,ד
sheqalim,שקלים,005,003,מח,ד
sheqalim,שקלים,005,005,מח,ד
sheqalim,שקלים,005,006,מט,ב
sheqalim,שקלים,006,001,מט,ג
sheqalim,שקלים,006,002,מט,ד
sheqalim,שקלים,006,003,נ,א
sheqalim,שקלים,006,004,נ,ב
sheqalim,שקלים,006,005,נ,ב
sheqalim,שקלים,006,006,נ,ב
sheqalim,שקלים,007,001,נ,ג
sheqalim,שקלים,007,002,נ,ג
sheqalim,שקלים,007,003,נ,ד
sheqalim,שקלים,007,004,נ,ד
sheqalim,שקלים,007,006,נ,ד
sheqalim,שקלים,007,007,נ,ד
sheqalim,שקלים,008,001,נא,א
sheqalim,שקלים,008,002,נא,ב
sheqalim,שקלים,008,003,נא,ב
sheqalim,שקלים,008,005,נא,ב
sheqalim,שקלים,008,006,נא,ב
sheqalim,שקלים,008,008,נא,ב
sheviit,שביעית,001,001,לג,א
sheviit,שביעית,001,002,לג,א
sheviit,שביעית,001,003,לג,א
sheviit,שביעית,001,004,לג,א
sheviit,שביעית,001,005,לג,א
sheviit,שביעית,001,006,לג,ג
sheviit,שביעית,001,007,לג,ג
sheviit,שביעית,001,008,לג,ג
sheviit,שביעית,002,001,לג,ד
sheviit,שביעית,002,002,לג,ד
sheviit,שביעית,002,003,לג,ד
sheviit,שביעית,002,004,לג,ד
sheviit,שביעית,002,005,לג,ד
sheviit,שביעית,002,006,לד,א
sheviit,שביעית,002,007,לד,א
sheviit,שביעית,002,008,לד,א
sheviit,שביעית,002,009,לד,א
sheviit,שביעית,002,010,לד,ב
sheviit,שביעית,003,001,לד,ג
sheviit,שביעית,003,002,לד,ג
sheviit,שביעית,003,003,לד,ג
sheviit,שביעית,003,004,לד,ג
sheviit,שביעית,003,005,לד,ג
sheviit,שביעית,003,006,לד,ד
sheviit,שביעית,003,007,לד,ד
sheviit,שביעית,003,008,לד,ד
sheviit,שביעית,003,009,לד,ד
sheviit,שביעית,003,010,לד,ד
sheviit,שביעית,004,001,לה,א
sheviit,שביעית,004,002,לה,ב
sheviit,שביעית,004,003,לה,ב
sheviit,שביעית,004,004,לה,ב
sheviit,שביעית,004,005,לה,ב
sheviit,שביעית,004,006,לה,ב
sheviit,שביעית,004,007,לה,ג
sheviit,שביעית,004,008,לה,ג
sheviit,שביעית,004,009,לה,ג
sheviit,שביעית,004,010,לה,ג
sheviit,שביעית,005,001,לה,ד
sheviit,שביעית,005,002,לה,ד
sheviit,שביעית,005,003,לו,א
sheviit,שביעית,005,004,לו,א
sheviit,שביעית,005,005,לו,א
sheviit,שביעית,005,006,לו,א
sheviit,שביעית,005,007,לו,א
sheviit,שביעית,005,008,לו,א
sheviit,שביעית,005,009,לו,א
sheviit,שביעית,006,001,לו,ב
sheviit,שביעית,006,002,לו,ב
sheviit,שביעית,006,003,לז,א
sheviit,שביעית,006,004,לז,א
sheviit,שביעית,006,005,לז,א
sheviit,שביעית,006,006,לז,א
sheviit,שביעית,007,001,לז,ב
sheviit,שביעית,007,002,לז,ג
sheviit,שביעית,007,003,לז,ג
sheviit,שביעית,007,004,לז,ג
sheviit,שביעית,007,005,לז,ג
sheviit,שביעית,007,006,לז,ג
sheviit,שביעית,007,007,לז,ג
sheviit,שביעית,008,001,לז,ד
sheviit,שביעית,008,002,לז,ד
sheviit,שביעית,008,003,לז,ד
sheviit,שביעית,008,004,לז,ד
sheviit,שביעית,008,005,לח,ב
sheviit,שביעית,008,006,לח,ב
sheviit,שביעית,008,007,לח,ב
sheviit,שביעית,008,008,לח,ב
sheviit,שביעית,008,009,לח,ב
sheviit,שביעית,008,010,לח,ב
sheviit,שביעית,008,011,לח,ג
sheviit,שביעית,009,001,לח,ד
sheviit,שביעית,009,002,לח,ד
sheviit,שביעית,009,003,לח,ד
sheviit,שביעית,009,004,לט,א
sheviit,שביעית,009,005,לט,א
sheviit,שביעית,009,006,לט,א
sheviit,שביעית,009,007,לט,א
sheviit,שביעית,009,008,לט,א
sheviit,שביעית,009,009,לט,א
sheviit,שביעית,010,001,לט,ב
sheviit,שביעית,010,002,לט,ג
sheviit,שביעית,010,003,לט,ג
sheviit,שביעית,010,004,לט,ד
sheviit,שביעית,010,005,לט,ד
sheviit,שביעית,010,006,לט,ד
sheviit,שביעית,010,007,לט,ד
sheviit,שביעית,010,008,לט,ד
sheviit,שביעית,010,009,לט,ד
shevuot,שבועות,001,001,לב,ג
shevuot,שבועות,001,002,לג,א
shevuot,שבועות,001,003,לג,א
shevuot,שבועות,001,004,לג,ב
shevuot,שבועות,001,005,לג,ב
shevuot,שבועות,001,006,לג,ג
shevuot,שבועות,001,007,לג,ג
shevuot,שבועות,002,001,לג,ד
shevuot,שבועות,002,002,לד,א
shevuot,שבועות,002,003,לד,א
shevuot,שבועות,002,004,לד,א
shevuot,שבועות,002,005,לד,א
shevuot,שבועות,003,001,לד,ב
shevuot,שבועות,003,002,לד,ב
shevuot,שבועות,003,004,לד,ב
shevuot,שבועות,003,005,לד,ב
shevuot,שבועות,003,006,לד,ד
shevuot,שבועות,003,007,לד,ד
shevuot,שבועות,003,008,לד,ד
shevuot,שבועות,003,009,לה,א
shevuot,שבועות,003,010,לה,א
shevuot,שבועות,003,011,לה,א
shevuot,שבועות,004,001,לה,ב
shevuot,שבועות,004,003,לה,ב
shevuot,שבועות,004,004,לה,ב
shevuot,שבועות,004,005,לה,ד
shevuot,שבועות,004,006,לה,ד
shevuot,שבועות,004,007,לה,ד
shevuot,שבועות,004,008,לה,ד
shevuot,שבועות,004,010,לה,ד
shevuot,שבועות,004,012,לה,ד
shevuot,שבועות,004,013,לה,ד
shevuot,שבועות,005,001,לו,א
shevuot,שבועות,005,002,לו,א
shevuot,שבועות,005,003,לו,ג
shevuot,שבועות,005,004,לו,ג
shevuot,שבועות,005,005,לו,ג
shevuot,שבועות,006,001,לו,ד
shevuot,שבועות,006,002,לז,א
shevuot,שבועות,006,003,לז,א
shevuot,שבועות,006,004,לז,ב
shevuot,שבועות,006,005,לז,ב
shevuot,שבועות,006,006,לז,ב
shevuot,שבועות,006,007,לז,ב
shevuot,שבועות,007,001,לז,ג
shevuot,שבועות,007,002,לז,ג
shevuot,שבועות,007,003,לז,ג
shevuot,שבועות,007,004,לח,א
shevuot,שבועות,007,005,לח,א
shevuot,שבועות,007,006,לח,א
shevuot,שבועות,007,007,לח,א
shevuot,שבועות,007,008,לח,א
shevuot,שבועות,008,001,לח,ב
shevuot,שבועות,008,002,לח,ד
shevuot,שבועות,008,003,לח,ד
shevuot,שבועות,008,006,לח,ד
sota,סוטה,001,001,טז,ב
sota,סוטה,001,002,טז,ד
sota,סוטה,001,003,טז,ד
sota,סוטה,001,004,יז,א
sota,סוטה,001,005,יז,א
sota,סוטה,001,006,יז,א
sota,סוטה,001,007,יז,א
sota,סוטה,001,008,יז,ב
sota,סוטה,001,009,יז,ג
sota,סוטה,002,001,יז,ד
sota,סוטה,002,002,יח,א
sota,סוטה,002,003,יח,א
sota,סוטה,002,004,יח,א
sota,סוטה,002,005,יח,ב
sota,סוטה,002,006,יח,ב
sota,סוטה,003,001,יח,ג
sota,סוטה,003,002,יח,ד
sota,סוטה,003,003,יח,ד
sota,סוטה,003,004,יט,א
sota,סוטה,003,005,יט,א
sota,סוטה,003,006,יט,ב
sota,סוטה,003,007,יט,ב
sota,סוטה,003,008,יט,ב
sota,סוטה,004,001,יט,ג
sota,סוטה,004,002,יט,ג
sota,סוטה,004,003,יט,ד
sota,סוטה,004,004,יט,ד
sota,סוטה,004,005,יט,ד
sota,סוטה,005,001,כ,א
sota,סוטה,005,002,כ,ב
sota,סוטה,005,003,כ,ג
sota,סוטה,005,004,כ,ג
sota,סוטה,005,005,כ,ד
sota,סוטה,006,001,כ,ד
sota,סוטה,006,002,כא,א
sota,סוטה,006,003,כא,א
sota,סוטה,006,004,כא,א
sota,סוטה,007,001,כא,ב
sota,סוטה,007,002,כא,ב
sota,סוטה,007,005,כא,ד
sota,סוטה,007,006,כא,ד
sota,סוטה,007,007,כא,ד
sota,סוטה,007,008,כא,ד
sota,סוטה,008,001,כב,ב
sota,סוטה,008,002,כג,א
sota,סוטה,008,003,כג,א
sota,סוטה,008,004,כג,א
sota,סוטה,008,005,כג,א
sota,סוטה,008,006,כג,א
sota,סוטה,008,007,כג,א
sota,סוטה,009,001,כג,ב
sota,סוטה,009,002,כג,ב
sota,סוטה,009,003,כג,ד
sota,סוטה,009,004,כג,ג
sota,סוטה,009,005,כג,ד
sota,סוטה,009,006,כד,א
sota,סוטה,009,008,כד,א
sota,סוטה,009,009,כד,א
sota,סוטה,009,010,כד,ב
sota,סוטה,009,011,כד,ב
sota,סוטה,009,012,כד,ב
sota,סוטה,009,013,כד,ב
sota,סוטה,009,014,כד,ג
sota,סוטה,009,015,כד,ג
sukka,סוכה,001,001,נא,ג
sukka,סוכה,001,002,נא,ג
sukka,סוכה,001,003,נא,ג
sukka,סוכה,001,004,נא,ג
sukka,סוכה,001,005,נא,ג
sukka,סוכה,001,006,נב,ג
sukka,סוכה,001,007,נב,ג
sukka,סוכה,001,008,נב,ג
sukka,סוכה,001,009,נב,ג
sukka,סוכה,001,010,נב,ג
sukka,סוכה,001,011,נב,ג
sukka,סוכה,002,001,נב,ד
sukka,סוכה,002,002,נב,ד
sukka,סוכה,002,003,נג,א
sukka,סוכה,002,004,נג,א
sukka,סוכה,002,005,נג,א
sukka,סוכה,002,006,נג,א
sukka,סוכה,002,007,נג,ב
sukka,סוכה,002,008,נג,ב
sukka,סוכה,002,009,נג,ב
sukka,סוכה,003,001,נג,ג
sukka,סוכה,003,002,נג,ג
sukka,סוכה,003,003,נג,ג
sukka,סוכה,003,004,נג,ד
sukka,סוכה,003,005,נג,ד
sukka,סוכה,003,006,נג,ד
sukka,סוכה,003,007,נג,ד
sukka,סוכה,003,009,נג,ד
sukka,סוכה,003,010,נד,א
sukka,סוכה,003,011,נד,א
sukka,סוכה,003,012,נד,א
sukka,סוכה,003,013,נד,א
sukka,סוכה,003,014,נד,א
sukka,סוכה,003,015,נד,א
sukka,סוכה,004,001,נד,ב
sukka,סוכה,004,004,נד,ב
sukka,סוכה,004,005,נד,ג
sukka,סוכה,004,007,נד,ג
sukka,סוכה,004,008,נד,ג
sukka,סוכה,004,009,נד,ד
sukka,סוכה,004,010,נד,ד
sukka,סוכה,005,001,נה,א
sukka,סוכה,005,002,נה,א
sukka,סוכה,005,003,נה,א
sukka,סוכה,005,004,נה,ג
sukka,סוכה,005,005,נה,ד
sukka,סוכה,005,006,נה,ד
sukka,סוכה,005,007,נה,ד
sukka,סוכה,005,008,נה,ד
taaniyot,תעניות,001,001,סג,ג
taaniyot,תעניות,001,002,סג,ג
taaniyot,תעניות,001,003,סד,ב
taaniyot,תעניות,001,004,סד,ג
taaniyot,תעניות,001,005,סד,ג
taaniyot,תעניות,001,006,סד,ד
taaniyot,תעניות,001,007,סד,ד
taaniyot,תעניות,002,001,סה,א
taaniyot,תעניות,002,002,סה,ג
taaniyot,תעניות,002,003,סה,ג
taaniyot,תעניות,002,004,סה,ד
taaniyot,תעניות,002,005,סה,ד
taaniyot,תעניות,002,007,סו,א
taaniyot,תעניות,002,008,סו,א
taaniyot,תעניות,002,009,סו,א
taaniyot,תעניות,002,010,סו,ב
taaniyot,תעניות,003,001,סו,ג
taaniyot,תעניות,003,002,סו,ג
taaniyot,תעניות,003,003,סו,ג
taaniyot,תעניות,003,004,סו,ד
taaniyot,תעניות,003,005,סו,ד
taaniyot,תעניות,003,006,סו,ד
taaniyot,תעניות,003,007,סו,ד
taaniyot,תעניות,003,008,סז,א
taaniyot,תעניות,003,009,סז,א
taaniyot,תעניות,004,001,סז,ב
taaniyot,תעניות,004,002,סח,א
taaniyot,תעניות,004,003,סח,ב
taaniyot,תעניות,004,004,סח,ב
taaniyot,תעניות,004,005,סח,ב
taaniyot,תעניות,004,006,סח,ג
taaniyot,תעניות,004,007,סט,ג
taaniyot,תעניות,004,008,סט,ג
terumot,תרומות,001,001,מ,א
terumot,תרומות,001,002,מ,א
terumot,תרומות,001,003,מ,ד
terumot,תרומות,001,004,מ,ד
terumot,תרומות,001,005,מ,ד
terumot,תרומות,001,006,מ,ד
terumot,תרומות,001,007,מ,ד
terumot,תרומות,001,008,מא,א
terumot,תרומות,001,009,מא,א
terumot,תרומות,001,010,מא,א
terumot,תרומות,002,001,מא,ב
terumot,תרומות,002,002,מא,ג
terumot,תרומות,002,003,מא,ג
terumot,תרומות,002,004,מא,ד
terumot,תרומות,002,006,מא,ד
terumot,תרומות,003,001,מב,א
terumot,תרומות,003,003,מב,א
terumot,תרומות,003,004,מב,ב
terumot,תרומות,003,005,מב,ב
terumot,תרומות,003,006,מב,ב
terumot,תרומות,003,008,מב,ב
terumot,תרומות,003,009,מב,ב
terumot,תרומות,004,001,מב,ג
terumot,תרומות,004,002,מב,ג
terumot,תרומות,004,003,מב,ג
terumot,תרומות,004,004,מב,ג
terumot,תרומות,004,005,מב,ג
terumot,תרומות,004,006,מב,ג
terumot,תרומות,004,007,מג,א
terumot,תרומות,004,008,מג,א
terumot,תרומות,004,009,מג,א
terumot,תרומות,004,010,מג,א
terumot,תרומות,004,011,מג,א
terumot,תרומות,004,012,מג,ב
terumot,תרומות,004,013,מג,ב
terumot,תרומות,005,001,מג,ג
terumot,תרומות,005,002,מג,ג
terumot,תרומות,005,003,מג,ג
terumot,תרומות,005,004,מג,ד
terumot,תרומות,005,005,מג,ד
terumot,תרומות,005,006,מג,ד
terumot,תרומות,005,007,מג,ד
terumot,תרומות,005,008,מג,ד
terumot,תרומות,005,009,מג,ד
terumot,תרומות,006,001,מד,א
terumot,תרומות,006,002,מד,א
terumot,תרומות,006,003,מד,א
terumot,תרומות,006,004,מד,א
terumot,תרומות,006,005,מד,א
terumot,תרומות,006,006,מד,א
terumot,תרומות,007,001,מד,ג
terumot,תרומות,007,002,מד,ג
terumot,תרומות,007,003,מד,ג
terumot,תרומות,007,005,מה,א
terumot,תרומות,007,007,מה,א
terumot,תרומות,008,001,מה,ב
terumot,תרומות,008,002,מה,ג
terumot,תרומות,008,003,מה,ג
terumot,תרומות,008,004,מה,ד
terumot,תרומות,008,005,מו,א
terumot,תרומות,008,006,מו,א
terumot,תרומות,008,008,מו,ב
terumot,תרומות,008,009,מו,ב
terumot,תרומות,008,011,מו,ג
terumot,תרומות,009,001,מו,ג
terumot,תרומות,009,002,מו,ג
terumot,תרומות,009,003,מו,ד
terumot,תרומות,009,004,מו,ד
terumot,תרומות,009,005,מו,ד
terumot,תרומות,009,006,מו,ד
terumot,תרומות,009,007,מו,ד
terumot,תרומות,010,001,מז,א
terumot,תרומות,010,002,מז,א
terumot,תרומות,010,003,מז,א
terumot,תרומות,010,004,מז,ב
terumot,תרומות,010,005,מז,ב
terumot,תרומות,010,006,מז,ב
terumot,תרומות,010,007,מז,ב
terumot,תרומות,010,008,מז,ב
terumot,תרומות,010,009,מז,ב
terumot,תרומות,010,010,מז,ב
terumot,תרומות,010,011,מז,ב
terumot,תרומות,010,012,מז,ג
terumot,תרומות,011,001,מז,ד
terumot,תרומות,011,002,מז,ד
terumot,תרומות,011,003,מז,ד
terumot,תרומות,011,004,מז,ד
terumot,תרומות,011,005,מח,א
terumot,תרומות,011,008,מח,א
terumot,תרומות,011,009,מח,א
terumot,תרומות,011,010,מח,ב
yevamot,יבמות,001,001,ב,א
yevamot,יבמות,001,002,ב,א
yevamot,יבמות,001,003,ב,א
yevamot,יבמות,001,004,ג,ב
yevamot,יבמות,002,001,ג,ג
yevamot,יבמות,002,002,ג,ד
yevamot,יבמות,002,003,ג,ד
yevamot,יבמות,002,004,ג,ד
yevamot,יבמות,002,005,ד,א
yevamot,יבמות,002,006,ד,א
yevamot,יבמות,002,007,ד,א
yevamot,יבמות,002,008,ד,א
yevamot,יבמות,002,009,ד,ב
yevamot,יבמות,002,010,ד,ב
yevamot,יבמות,003,001,ד,ג
yevamot,יבמות,003,002,ד,ג
yevamot,יבמות,003,003,ד,ג
yevamot,יבמות,003,004,ד,ג
yevamot,יבמות,003,005,ה,א
yevamot,יבמות,003,006,ה,א
yevamot,יבמות,003,007,ה,א
yevamot,יבמות,003,008,ה,א
yevamot,יבמות,003,009,ה,א
yevamot,יבמות,003,010,ה,א
yevamot,יבמות,004,001,ה,ב
yevamot,יבמות,004,002,ה,ד
yevamot,יבמות,004,003,ה,ד
yevamot,יבמות,004,004,ה,ד
yevamot,יבמות,004,005,ה,ד
yevamot,יבמות,004,007,ו,א
yevamot,יבמות,004,008,ו,א
yevamot,יבמות,004,009,ו,א
yevamot,יבמות,004,010,ו,ב
yevamot,יבמות,004,011,ו,ב
yevamot,יבמות,004,012,ו,ב
yevamot,יבמות,004,013,ו,ג
yevamot,יבמות,005,001,ו,ד
yevamot,יבמות,005,002,ו,ד
yevamot,יבמות,005,003,ז,א
yevamot,יבמות,005,004,ז,א
yevamot,יבמות,005,006,ז,א
yevamot,יבמות,006,001,ז,ב
yevamot,יבמות,006,002,ז,ב
yevamot,יבמות,006,003,ז,ג
yevamot,יבמות,006,004,ז,ג
yevamot,יבמות,006,005,ז,ג
yevamot,יבמות,006,006,ז,ד
yevamot,יבמות,007,001,ח,א
yevamot,יבמות,007,003,ח,ב
yevamot,יבמות,007,004,ח,ב
yevamot,יבמות,007,005,ח,ג
yevamot,יבמות,007,006,ח,ג
yevamot,יבמות,008,001,ח,ד
yevamot,יבמות,008,002,ט,ב
yevamot,יבמות,008,003,ט,ד
yevamot,יבמות,008,004,ט,ד
yevamot,יבמות,008,005,ט,ד
yevamot,יבמות,008,006,ט,ד
yevamot,יבמות,009,001,י,א
yevamot,יבמות,009,002,י,א
yevamot,יבמות,009,003,י,ב
yevamot,יבמות,009,004,י,ב
yevamot,יבמות,009,006,י,ב
yevamot,יבמות,010,001,י,ג
yevamot,יבמות,010,003,יא,א
yevamot,יבמות,010,004,יא,ב
yevamot,יבמות,010,005,יא,ב
yevamot,יבמות,010,006,יא,ב
yevamot,יבמות,010,007,יא,ב
yevamot,יבמות,010,009,יא,ג
yevamot,יבמות,011,001,יא,ד
yevamot,יבמות,011,002,יב,א
yevamot,יבמות,011,003,יב,א
yevamot,יבמות,011,004,יב,א
yevamot,יבמות,011,005,יב,א
yevamot,יבמות,011,006,יב,ב
yevamot,יבמות,011,007,יב,ב
yevamot,יבמות,012,001,יב,ג
yevamot,יבמות,012,002,יב,ד
yevamot,יבמות,012,003,יב,ד
yevamot,יבמות,012,004,יב,ד
yevamot,יבמות,012,005,יב,ד
yevamot,יבמות,012,006,יג,א
yevamot,יבמות,013,001,יג,ב
yevamot,יבמות,013,002,יג,ד
yevamot,יבמות,013,003,יג,ד
yevamot,יבמות,013,004,יג,ד
yevamot,יבמות,013,005,יג,ד
yevamot,יבמות,013,006,יג,ד
yevamot,יבמות,013,007,יד,א
yevamot,יבמות,013,008,יד,א
yevamot,יבמות,013,009,יד,א
yevamot,יבמות,013,010,יד,א
yevamot,יבמות,013,011,יד,א
yevamot,יבמות,013,012,יד,א
yevamot,יבמות,013,013,יד,א
yevamot,יבמות,014,001,יד,ב
yevamot,יבמות,014,002,יד,ב
yevamot,יבמות,014,003,יד,ב
yevamot,יבמות,014,004,יד,ג
yevamot,יבמות,015,001,יד,ד
yevamot,יבמות,015,002,יד,ד
yevamot,יבמות,015,003,טו,א
yevamot,יבמות,015,004,טו,א
yevamot,יבמות,015,005,טו,ב
yevamot,יבמות,015,006,טו,ב
yevamot,יבמות,015,007,טו,ב
yevamot,יבמות,015,009,טו,ב
yevamot,יבמות,015,010,טו,ב
yevamot,יבמות,016,001,טו,ג
yevamot,יבמות,016,002,טו,ג
yevamot,יבמות,016,003,טו,ד
yevamot,יבמות,016,004,טו,ד
yevamot,יבמות,016,005,טו,ד
yevamot,יבמות,016,006,טז,א
yevamot,יבמות,016,007,טז,ב
yom_tov,יום טוב,001,001,ס,א
yom_tov,יום טוב,001,002,ס,ג
yom_tov,יום טוב,001,003,ס,ג
yom_tov,יום טוב,001,004,ס,ג
yom_tov,יום טוב,001,005,ס,ד
yom_tov,יום טוב,001,006,ס,ד
yom_tov,יום טוב,001,007,ס,ד
yom_tov,יום טוב,001,008,ס,ד
yom_tov,יום טוב,001,009,סא,א
yom_tov,יום טוב,001,010,סא,א
yom_tov,יום טוב,002,001,סא,ב
yom_tov,יום טוב,002,002,סא,ב
yom_tov,יום טוב,002,003,סא,ב
yom_tov,יום טוב,002,004,סא,ג
yom_tov,יום טוב,002,005,סא,ג
yom_tov,יום טוב,002,006,סא,ג
yom_tov,יום טוב,002,007,סא,ג
yom_tov,יום טוב,002,008,סא,ד
yom_tov,יום טוב,002,009,סא,ד
yom_tov,יום טוב,002,010,סא,ד
yom_tov,יום טוב,003,001,סב,א
yom_tov,יום טוב,003,002,סב,א
yom_tov,יום טוב,003,003,סב,א
yom_tov,יום טוב,003,004,סב,א
yom_tov,יום טוב,003,005,סב,א
yom_tov,יום טוב,003,006,סב,ב
yom_tov,יום טוב,003,007,סב,ב
yom_tov,יום טוב,003,008,סב,ב
yom_tov,יום טוב,004,001,סב,ג
yom_tov,יום טוב,004,002,סב,ג
yom_tov,יום טוב,004,003,סב,ג
yom_tov,יום טוב,004,004,סב,ג
yom_tov,יום טוב,004,005,סב,ד
yom_tov,יום טוב,004,006,סב,ד
yom_tov,יום טוב,004,007,סב,ד
yom_tov,יום טוב,005,001,סג,א
yom_tov,יום טוב,005,002,סג,ב
yom_tov,יום טוב,005,003,סג,ב
yom_tov,יום טוב,005,004,סג,ב
yom_tov,יום טוב,005,005,סג,ב
yom_tov,יום טוב,005,006,סג,ב
yom_tov,יום טוב,005,007,סג,ב
yoma,יומא,001,001,לח,א
yoma,יומא,001,002,לט,א
yoma,יומא,001,003,לט,א
yoma,יומא,001,004,לט,א
yoma,יומא,001,005,לט,ב
yoma,יומא,001,006,לט,ב
yoma,יומא,001,007,לט,ב
yoma,יומא,001,008,לט,ב
yoma,יומא,002,001,לט,ג
yoma,יומא,002,002,לט,ג
yoma,יומא,002,003,מ,א
yoma,יומא,002,004,מ,א
yoma,יומא,002,005,מ,א
yoma,יומא,002,006,מ,א
yoma,יומא,002,007,מ,א
yoma,יומא,003,001,מ,ב
yoma,יומא,003,002,מ,ב
yoma,יומא,003,003,מ,ג
yoma,יומא,003,004,מ,ג
yoma,יומא,003,005,מ,ג
yoma,יומא,003,006,מ,ד
yoma,יומא,003,007,מ,ד
yoma,יומא,003,008,מא,א
yoma,יומא,003,009,מא,א
yoma,יומא,003,010,מא,א
yoma,יומא,003,011,מא,ב
yoma,יומא,004,001,מא,ג
yoma,יומא,004,002,מא,ג
yoma,יומא,004,003,מא,ג
yoma,יומא,004,004,מא,ד
yoma,יומא,004,005,מא,ד
yoma,יומא,004,006,מב,א
yoma,יומא,005,001,מב,ב
yoma,יומא,005,002,מב,ב
yoma,יומא,005,003,מב,ד
yoma,יומא,005,004,מב,ד
yoma,יומא,005,005,מב,ד
yoma,יומא,005,006,מג,א
yoma,יומא,005,007,מג,ב
yoma,יומא,006,001,מג,ג
yoma,יומא,006,002,מג,ג
yoma,יומא,006,003,מג,ד
yoma,יומא,006,004,מג,ד
yoma,יומא,006,005,מג,ד
yoma,יומא,006,006,מג,ד
yoma,יומא,006,007,מד,א
yoma,יומא,006,008,מד,א
yoma,יומא,007,001,מד,ב
yoma,יומא,007,003,מד,ב
yoma,יומא,007,004,מד,ב
yoma,יומא,007,005,מד,ג
yoma,יומא,008,001,מד,ד
yoma,יומא,008,002,מה,א
yoma,יומא,008,003,מה,א
yoma,יומא,008,004,מה,א
yoma,יומא,008,005,מה,ב
yoma,יומא,008,006,מה,ב
yoma,יומא,008,007,מה,ב
yoma,יומא,008,008,מה,ב
yoma,יומא,008,009,מה,ג
